Model,Horizon,Fold,Train_Start,Train_End,Val_Start,Val_End,best_params,best_val_rmse,lookback,device,MAE,RMSE,OOS_R2,DA
RNN,1D,1,1990-03-27,2015-06-09,2015-06-10,2016-07-07,"{'lookback': 40, 'hidden_size': 64, 'num_layers': 1, 'dropout': 0.43573029509385885, 'learning_rate': 0.00040489662225846743, 'weight_decay': 0.0001, 'batch_size': 32, 'epochs': 40, 'patience': 7}",0.009098,40,cuda,0.00828413233553859,0.011268089075750805,-0.12592598999643356,0.5147058823529411
RNN,1D,2,1990-03-27,2016-07-07,2016-07-08,2017-08-04,"{'lookback': 40, 'hidden_size': 64, 'num_layers': 1, 'dropout': 0.4202626021016229, 'learning_rate': 0.0006840117725936527, 'weight_decay': 0.0001, 'batch_size': 32, 'epochs': 40, 'patience': 7}",0.008416,40,cuda,0.004001295086993989,0.0053737224183948405,-0.18696200039250788,0.5
RNN,1D,3,1990-03-27,2017-08-04,2017-08-07,2018-09-04,"{'lookback': 10, 'hidden_size': 32, 'num_layers': 1, 'dropout': 0.3765588646777447, 'learning_rate': 0.0003595904554814919, 'weight_decay': 0.0001, 'batch_size': 32, 'epochs': 40, 'patience': 7}",0.007747,10,cuda,0.005275181282106863,0.007698865287539533,0.009988015588737853,0.49264705882352944
RNN,1D,4,1990-03-27,2018-09-04,2018-09-05,2019-10-03,"{'lookback': 40, 'hidden_size': 64, 'num_layers': 1, 'dropout': 0.43573029509385885, 'learning_rate': 0.00040489662225846743, 'weight_decay': 0.0001, 'batch_size': 32, 'epochs': 40, 'patience': 7}",0.007951,40,cuda,0.007448192970571623,0.010609947270316895,-0.06787319859751828,0.5036764705882353
RNN,1D,5,1990-03-27,2019-10-03,2019-10-04,2020-10-30,"{'lookback': 40, 'hidden_size': 64, 'num_layers': 1, 'dropout': 0.3017249991009523, 'learning_rate': 0.000305485208547517, 'weight_decay': 0.0001, 'batch_size': 16, 'epochs': 40, 'patience': 7}",0.00867,40,cuda,0.012683696263025573,0.02075060631551074,0.015447669563121491,0.4852941176470588
RNN,5D,1,1990-03-27,2015-06-09,2015-06-10,2016-07-07,"{'lookback': 60, 'hidden_size': 64, 'num_layers': 1, 'dropout': 0.42812192792190285, 'learning_rate': 0.0002485193943909076, 'weight_decay': 0.0001, 'batch_size': 16, 'epochs': 40, 'patience': 7}",0.018299,60,cuda,0.01698499451729404,0.02270561386602501,0.00566400113058263,0.4522058823529412
RNN,5D,2,1990-03-27,2016-07-07,2016-07-08,2017-08-04,"{'lookback': 20, 'hidden_size': 32, 'num_layers': 3, 'dropout': 0.3707997643791441, 'learning_rate': 0.00028137204181254605, 'weight_decay': 0.0001, 'batch_size': 32, 'epochs': 40, 'patience': 7}",0.017712,20,cuda,0.00800871872313704,0.010398257995624511,-0.12309634479813392,0.47794117647058826
RNN,5D,3,1990-03-27,2017-08-04,2017-08-07,2018-09-04,"{'lookback': 40, 'hidden_size': 64, 'num_layers': 2, 'dropout': 0.47301779626566315, 'learning_rate': 0.0007544460262417751, 'weight_decay': 0.0001, 'batch_size': 32, 'epochs': 40, 'patience': 7}",0.016473,40,cuda,0.011989098928648894,0.016640068944204424,-0.047828635101028194,0.45588235294117646
RNN,5D,4,1990-03-27,2018-09-04,2018-09-05,2019-10-03,"{'lookback': 40, 'hidden_size': 64, 'num_layers': 1, 'dropout': 0.43573029509385885, 'learning_rate': 0.00040489662225846743, 'weight_decay': 0.0001, 'batch_size': 32, 'epochs': 40, 'patience': 7}",0.016837,40,cuda,0.016793900624795122,0.022723990847154076,-0.03288339208599256,0.5551470588235294
RNN,5D,5,1990-03-27,2019-10-03,2019-10-04,2020-10-30,"{'lookback': 20, 'hidden_size': 64, 'num_layers': 1, 'dropout': 0.2622779137308282, 'learning_rate': 0.000786477284633486, 'weight_decay': 0.0001, 'batch_size': 16, 'epochs': 40, 'patience': 7}",0.01832,20,cuda,0.025322426852854525,0.0409650422117809,-0.0657447593529834,0.5992647058823529
RNN,20D,1,1990-03-27,2015-06-09,2015-06-10,2016-07-07,"{'lookback': 10, 'hidden_size': 128, 'num_layers': 1, 'dropout': 0.37762370294842085, 'learning_rate': 0.0001546735082499666, 'weight_decay': 0.0001, 'batch_size': 64, 'epochs': 40, 'patience': 7}",0.03267,10,cuda,0.037598239454356766,0.04718581264124856,-0.3554730942147257,0.4375
RNN,20D,2,1990-03-27,2016-07-07,2016-07-08,2017-08-04,"{'lookback': 60, 'hidden_size': 128, 'num_layers': 2, 'dropout': 0.27602156683440465, 'learning_rate': 0.0002355652139327713, 'weight_decay': 0.0001, 'batch_size': 64, 'epochs': 40, 'patience': 7}",0.030354,60,cuda,0.01376806206108236,0.01705602923823584,0.010151188880326734,0.6911764705882353
RNN,20D,3,1990-03-27,2017-08-04,2017-08-07,2018-09-04,"{'lookback': 10, 'hidden_size': 128, 'num_layers': 1, 'dropout': 0.42071945169752456, 'learning_rate': 0.0008241548024289433, 'weight_decay': 0.0001, 'batch_size': 64, 'epochs': 40, 'patience': 7}",0.028423,10,cuda,0.022516687989779842,0.026830612139583137,-0.13831531702993893,0.6617647058823529
RNN,20D,4,1990-03-27,2018-09-04,2018-09-05,2019-10-03,"{'lookback': 10, 'hidden_size': 128, 'num_layers': 1, 'dropout': 0.42071945169752456, 'learning_rate': 0.0008241548024289433, 'weight_decay': 0.0001, 'batch_size': 64, 'epochs': 40, 'patience': 7}",0.028256,10,cuda,0.03575363816487624,0.04397726312175954,-0.05528771237778596,0.5330882352941176
RNN,20D,5,1990-03-27,2019-10-03,2019-10-04,2020-10-30,"{'lookback': 40, 'hidden_size': 128, 'num_layers': 1, 'dropout': 0.2938332182331258, 'learning_rate': 0.0002157476707407478, 'weight_decay': 0.0001, 'batch_size': 32, 'epochs': 40, 'patience': 7}",0.032803,40,cuda,0.05438713721176994,0.08728112108569896,-0.01590595193551425,0.6801470588235294
RNN,60D,1,1990-03-27,2015-06-09,2015-06-10,2016-07-07,"{'lookback': 20, 'hidden_size': 128, 'num_layers': 3, 'dropout': 0.4174868122698124, 'learning_rate': 0.0009783629496188811, 'weight_decay': 0.0001, 'batch_size': 16, 'epochs': 40, 'patience': 7}",0.04359,20,cuda,0.06776387467248704,0.083878619850838,-1.0670411818590648,0.5220588235294118
RNN,60D,2,1990-03-27,2016-07-07,2016-07-08,2017-08-04,"{'lookback': 10, 'hidden_size': 128, 'num_layers': 3, 'dropout': 0.4147672875620052, 'learning_rate': 8.198075824989501e-05, 'weight_decay': 0.0001, 'batch_size': 64, 'epochs': 40, 'patience': 7}",0.046082,10,cuda,0.029336428571970243,0.03498466306765237,-0.9775648427862884,0.7794117647058824
RNN,60D,3,1990-03-27,2017-08-04,2017-08-07,2018-09-04,"{'lookback': 10, 'hidden_size': 128, 'num_layers': 3, 'dropout': 0.12464427719457705, 'learning_rate': 0.00015332507739338827, 'weight_decay': 0.0001, 'batch_size': 64, 'epochs': 40, 'patience': 7}",0.039807,10,cuda,0.04509797337088176,0.050918689805720056,-0.27379703451897597,0.5698529411764706
RNN,60D,4,1990-03-27,2018-09-04,2018-09-05,2019-10-03,"{'lookback': 20, 'hidden_size': 64, 'num_layers': 3, 'dropout': 0.4488744981172388, 'learning_rate': 0.00021525930849825107, 'weight_decay': 0.0001, 'batch_size': 16, 'epochs': 40, 'patience': 7}",0.042005,20,cuda,0.04703529720155226,0.06495400164003023,-0.04520644300750831,0.7352941176470589
RNN,60D,5,1990-03-27,2019-10-03,2019-10-04,2020-10-30,"{'lookback': 40, 'hidden_size': 128, 'num_layers': 3, 'dropout': 0.35989948064667854, 'learning_rate': 0.0007512089108238619, 'weight_decay': 0.0001, 'batch_size': 16, 'epochs': 40, 'patience': 7}",0.049414,40,cuda,0.10917613201889684,0.1362837504692878,-0.18784092126100393,0.5625
RNN,120D,1,1990-03-27,2015-06-09,2015-06-10,2016-07-07,"{'lookback': 20, 'hidden_size': 128, 'num_layers': 3, 'dropout': 0.23983229825587735, 'learning_rate': 0.0008174562292828165, 'weight_decay': 0.0001, 'batch_size': 32, 'epochs': 40, 'patience': 7}",0.065996,20,cuda,0.04869346024339654,0.06364353634990375,-0.06912883839801198,0.7058823529411765
RNN,120D,2,1990-03-27,2016-07-07,2016-07-08,2017-08-04,"{'lookback': 60, 'hidden_size': 32, 'num_layers': 1, 'dropout': 0.4752432205623363, 'learning_rate': 6.592958028299296e-05, 'weight_decay': 0.0001, 'batch_size': 64, 'epochs': 40, 'patience': 7}",0.066855,60,cuda,0.060188861729325624,0.06736242809189767,-6.889595125063229,0.7977941176470589
RNN,120D,3,1990-03-27,2017-08-04,2017-08-07,2018-09-04,"{'lookback': 40, 'hidden_size': 64, 'num_layers': 3, 'dropout': 0.16427573477671342, 'learning_rate': 0.0001682051968969925, 'weight_decay': 0.0001, 'batch_size': 16, 'epochs': 40, 'patience': 7}",0.053332,40,cuda,0.04873064807256747,0.05918508700102004,-0.028996112185744938,0.6433823529411765
RNN,120D,4,1990-03-27,2018-09-04,2018-09-05,2019-10-03,"{'lookback': 40, 'hidden_size': 64, 'num_layers': 3, 'dropout': 0.21355615281666593, 'learning_rate': 0.0002883724954669892, 'weight_decay': 0.0001, 'batch_size': 16, 'epochs': 40, 'patience': 7}",0.054947,40,cuda,0.05966784548682171,0.07824510455321732,-0.1091842214615002,0.8382352941176471
RNN,120D,5,1990-03-27,2019-10-03,2019-10-04,2020-10-30,"{'lookback': 40, 'hidden_size': 64, 'num_layers': 2, 'dropout': 0.13401678338495246, 'learning_rate': 0.0005481503772148061, 'weight_decay': 0.0001, 'batch_size': 16, 'epochs': 40, 'patience': 7}",0.060845,40,cuda,0.10726415753509032,0.12001095083115008,-0.013956134812148413,0.6654411764705882
