Model,1D_OOS_R2,1D_DA,5D_OOS_R2,5D_DA,20D_OOS_R2,20D_DA,60D_OOS_R2,60D_DA,120D_OOS_R2,120D_DA
ARIMA,0.0135,0.5272,0.5892,0.7941,0.8735,0.9184,0.9438,0.9574,0.9561,0.9669
ARIMAX,0.026,0.5206,0.6761,0.8243,0.9223,0.936,0.964,0.9706,0.9735,0.9743
Elastic_Net,0.0029,0.5324,-0.0078,0.5779,-0.0178,0.6184,-0.0402,0.686,-0.0676,0.7779
Historical_Mean,-0.0001,0.5485,-0.0003,0.6184,-0.0016,0.6846,-0.0115,0.7456,-0.0607,0.7779
LightGBM,-0.0627,0.5368,-0.0748,0.5853,-0.0619,0.6419,-0.2502,0.6346,-0.7834,0.5838
Logistic_Regression,-4478.112,0.5059,-1196.922,0.5228,-388.9634,0.6397,-172.6083,0.6846,-139.3677,0.7456
Random_Forest,-0.0336,0.5404,-0.0673,0.5934,-0.2567,0.6228,-0.363,0.614,-0.4852,0.6331
Ridge,0.0029,0.5147,-0.0583,0.5015,-0.1284,0.5603,-0.3083,0.5618,-0.2854,0.661
SARIMA,0.0122,0.539,0.6441,0.8206,0.8737,0.9184,0.9424,0.9574,0.9551,0.9691
SVR,0.0181,0.5096,-0.0558,0.5515,-0.1121,0.5706,-0.1745,0.6691,-0.1775,0.6676
XGBoost,-0.0176,0.5434,-0.005,0.6132,-0.0435,0.6515,-0.2076,0.7125,-0.2744,0.7169
