Model,Horizon,Low_OOS_R2,Low_DA,Normal_OOS_R2,Normal_DA,High_OOS_R2,High_DA
ARIMA,1D,0.0028,0.5277,-0.0108,0.5219,0.018,0.53
ARIMA,5D,0.6645,0.7937,0.6548,0.7774,0.5492,0.8058
ARIMA,20D,0.901,0.9283,0.9012,0.9051,0.8354,0.9113
ARIMA,60D,0.9542,0.9626,0.9638,0.9708,0.8699,0.94
ARIMA,120D,0.9625,0.9806,0.9406,0.9343,0.9164,0.9664
ARIMAX,1D,-0.0145,0.5247,0.0088,0.5438,0.0345,0.4988
ARIMAX,5D,0.7345,0.8206,0.7859,0.8358,0.6319,0.8225
ARIMAX,20D,0.9183,0.9402,0.9151,0.9343,0.9243,0.9305
ARIMAX,60D,0.9569,0.9656,0.9779,0.9818,0.9455,0.9712
ARIMAX,120D,0.9672,0.9791,0.9512,0.9453,0.9705,0.9856
Elastic_Net,1D,-0.0014,0.5306,-0.0033,0.5036,0.0042,0.554
Elastic_Net,5D,-0.004,0.5949,-0.003,0.6131,-0.0132,0.5276
Elastic_Net,20D,-0.0343,0.6607,-0.0336,0.4927,-0.0623,0.6331
Elastic_Net,60D,-0.0421,0.6846,0.022,0.6533,-0.7611,0.7098
Elastic_Net,120D,-0.0153,0.7055,-0.0155,0.6569,-1.1714,0.9736
Historical_Mean,1D,-0.0001,0.5396,-0.0019,0.5547,-0.0002,0.5588
Historical_Mean,5D,-0.002,0.6024,-0.005,0.6788,-0.0018,0.6043
Historical_Mean,20D,-0.0005,0.6981,-0.0253,0.5766,-0.0453,0.7338
Historical_Mean,60D,-0.0197,0.707,-0.019,0.6569,-0.6478,0.8657
Historical_Mean,120D,-0.005,0.7055,-0.0074,0.6569,-1.1629,0.9736
LightGBM,1D,0.0019,0.5351,0.0004,0.5985,-0.081,0.4988
LightGBM,5D,-0.0014,0.5889,-0.0018,0.6825,-0.1178,0.5156
LightGBM,20D,0.0028,0.6936,-0.0246,0.5693,-0.1774,0.6067
LightGBM,60D,-0.0369,0.71,-0.1018,0.5474,-1.6306,0.5707
LightGBM,120D,-0.2252,0.6682,-0.4753,0.5036,-3.3593,0.5012
Logistic_Regression,1D,-22410.5465,0.5321,-8073.9948,0.4635,-1139.0165,0.4916
Logistic_Regression,5D,-3093.7672,0.5247,-1653.6316,0.5292,-496.2912,0.5156
Logistic_Regression,20D,-1246.7521,0.6981,-243.348,0.573,-221.066,0.5899
Logistic_Regression,60D,-196.6043,0.707,-229.1356,0.6496,-192.4912,0.6715
Logistic_Regression,120D,-224.3875,0.7055,-184.2066,0.6569,-136.2237,0.8681
Random_Forest,1D,-0.002,0.5381,-0.007,0.5511,-0.0421,0.5372
Random_Forest,5D,0.002,0.6024,-0.0022,0.6715,-0.1072,0.5276
Random_Forest,20D,-0.0072,0.6981,-0.0233,0.5766,-0.5956,0.5324
Random_Forest,60D,-0.0305,0.707,-0.0347,0.635,-2.2055,0.4508
Random_Forest,120D,-0.12,0.6921,-0.1969,0.5657,-2.5249,0.5827
Ridge,1D,-0.016,0.5426,-0.0027,0.5073,0.0065,0.4748
Ridge,5D,-0.0085,0.5471,-0.0156,0.4781,-0.087,0.4436
Ridge,20D,-0.0363,0.6592,-0.0316,0.5255,-0.3022,0.4245
Ridge,60D,-0.1079,0.6622,-0.0938,0.5146,-1.7489,0.4317
Ridge,120D,-0.081,0.71,0.138,0.646,-2.0206,0.5923
SARIMA,1D,0.0058,0.5291,-0.013,0.5365,0.0161,0.5564
SARIMA,5D,0.7188,0.8176,0.7411,0.8175,0.5975,0.8273
SARIMA,20D,0.9009,0.9283,0.9006,0.9051,0.8364,0.9113
SARIMA,60D,0.953,0.9626,0.9641,0.9708,0.8659,0.94
SARIMA,120D,0.9612,0.9821,0.9395,0.9343,0.9149,0.9712
SVR,1D,-0.0171,0.5247,-0.0049,0.5401,0.0264,0.4652
SVR,5D,-0.0042,0.574,-0.0062,0.5803,-0.0866,0.4964
SVR,20D,-0.1228,0.568,-0.0152,0.6715,-0.2488,0.5084
SVR,60D,-0.0836,0.7055,-0.0609,0.6058,-1.2188,0.6523
SVR,120D,0.0841,0.6831,-0.1118,0.5438,-1.6563,0.7242
XGBoost,1D,0.0003,0.5396,-0.001,0.5547,-0.0227,0.542
XGBoost,5D,-0.0029,0.6024,-0.0046,0.6788,-0.0088,0.5875
XGBoost,20D,-0.0035,0.6981,-0.0261,0.5766,-0.1342,0.6259
XGBoost,60D,-0.0268,0.71,0.0541,0.6788,-1.5758,0.7386
XGBoost,120D,-0.0415,0.6966,-0.1754,0.6131,-1.8294,0.8177
