Model,Period,1D_OOS_R2,1D_DA,1D_RMSE,5D_OOS_R2,5D_DA,5D_RMSE,20D_OOS_R2,20D_DA,20D_RMSE,60D_OOS_R2,60D_DA,60D_RMSE,120D_OOS_R2,120D_DA,120D_RMSE
ARIMA,2015-2016,-0.0016,0.5038,0.0094,0.6096,0.7494,0.0125,0.8797,0.8835,0.0123,0.9465,0.962,0.0123,0.9556,0.957,0.0122
ARIMA,2017-2018,-0.0015,0.5219,0.0082,0.6089,0.7869,0.0112,0.857,0.9263,0.012,0.9484,0.9582,0.0119,0.9556,0.9681,0.0119
ARIMA,2019-2020,0.0209,0.5529,0.0168,0.5745,0.8402,0.0211,0.8746,0.9395,0.0246,0.94,0.9525,0.0241,0.9525,0.9741,0.023
ARIMAX,2015-2016,-0.0037,0.5266,0.0094,0.7504,0.8025,0.01,0.9296,0.9114,0.0094,0.973,0.9772,0.0088,0.9801,0.9772,0.0082
ARIMAX,2017-2018,0.0005,0.512,0.0082,0.7465,0.8267,0.0091,0.9167,0.9462,0.0092,0.9664,0.9681,0.0096,0.9714,0.9721,0.0096
ARIMAX,2019-2020,0.0398,0.5248,0.0166,0.6273,0.8402,0.0197,0.9211,0.946,0.0195,0.96,0.9676,0.0197,0.9701,0.9741,0.0183
Elastic_Net,2015-2016,0.0015,0.4987,0.0094,0.0108,0.5316,0.0199,0.0101,0.5772,0.0353,0.0209,0.6101,0.0528,-0.0323,0.8101,0.0588
Elastic_Net,2017-2018,-0.001,0.5319,0.0082,0.0032,0.6076,0.018,0.0129,0.6574,0.0316,-0.1667,0.6414,0.0564,-0.0229,0.7649,0.0572
Elastic_Net,2019-2020,0.0039,0.5616,0.0169,-0.0209,0.5853,0.0327,-0.0412,0.6112,0.071,-0.048,0.7991,0.1009,-0.1843,0.7646,0.1149
Historical_Mean,2015-2016,-0.0003,0.5063,0.0094,-0.0006,0.5696,0.02,-0.0018,0.6076,0.0355,-0.0003,0.6709,0.0533,-0.0285,0.8101,0.0587
Historical_Mean,2017-2018,-0.0002,0.5478,0.0082,-0.0005,0.6155,0.018,-0.0002,0.6892,0.0319,-0.0012,0.755,0.0522,-0.0125,0.7649,0.0569
Historical_Mean,2019-2020,-0.0005,0.5853,0.017,-0.0035,0.6631,0.0324,-0.0119,0.7451,0.0699,-0.0475,0.7991,0.1009,-0.177,0.7646,0.1146
LightGBM,2015-2016,-0.002,0.5367,0.0094,-0.0096,0.5114,0.0201,-0.3976,0.4608,0.0419,-1.1691,0.5494,0.0786,-2.3512,0.6127,0.106
LightGBM,2017-2018,-0.01,0.5179,0.0082,-0.0141,0.5936,0.0181,-0.0032,0.6892,0.0319,-0.2564,0.6135,0.0585,-0.9319,0.5876,0.0786
LightGBM,2019-2020,-0.0922,0.5572,0.0177,-0.1199,0.6393,0.0342,-0.0116,0.7451,0.0699,-0.056,0.73,0.1013,-0.4919,0.5551,0.129
Logistic_Regression,2015-2016,-7612.2178,0.4937,0.8176,-2082.1198,0.5114,0.911,-787.4242,0.6051,0.9951,-339.2521,0.6709,0.9839,-272.8824,0.8101,0.9581
Logistic_Regression,2017-2018,-14295.975,0.5458,0.9766,-2195.4812,0.5418,0.8429,-965.6494,0.6793,0.9903,-344.273,0.7271,0.9699,-287.9897,0.7649,0.961
Logistic_Regression,2019-2020,-1191.4526,0.473,0.5854,-577.9363,0.5119,0.7779,-173.3832,0.6263,0.9182,-83.977,0.6501,0.9087,-71.2784,0.6695,0.8977
Random_Forest,2015-2016,-0.0177,0.4987,0.0095,-0.0025,0.5241,0.02,-0.1305,0.5114,0.0377,-0.457,0.5367,0.0644,-1.3387,0.5975,0.0885
Random_Forest,2017-2018,0.0058,0.5478,0.0081,-0.0004,0.6175,0.018,0.0116,0.6892,0.0317,-0.1597,0.6514,0.0562,-0.5635,0.6255,0.0707
Random_Forest,2019-2020,-0.048,0.568,0.0174,-0.1144,0.6263,0.0341,-0.3583,0.6458,0.081,-0.442,0.6393,0.1184,-0.3724,0.6717,0.1237
Ridge,2015-2016,-0.0157,0.5266,0.0094,0.0056,0.4684,0.0199,0.0199,0.5671,0.0351,0.0168,0.5899,0.0529,-0.1767,0.7063,0.0628
Ridge,2017-2018,-0.0009,0.512,0.0082,0.012,0.5598,0.0179,0.0033,0.6534,0.0318,-0.2955,0.5837,0.0594,-0.3785,0.6753,0.0664
Ridge,2019-2020,0.0084,0.5076,0.0169,-0.1062,0.4665,0.034,-0.2026,0.4536,0.0763,-0.4325,0.514,0.118,-0.3973,0.6069,0.1248
SARIMA,2015-2016,-0.0059,0.5013,0.0094,0.686,0.8152,0.0112,0.8797,0.8835,0.0123,0.9464,0.962,0.0123,0.9559,0.962,0.0122
SARIMA,2017-2018,-0.0018,0.5398,0.0082,0.6951,0.8028,0.0099,0.857,0.9263,0.012,0.9482,0.9582,0.0119,0.9555,0.9681,0.0119
SARIMA,2019-2020,0.0201,0.5702,0.0168,0.6123,0.8445,0.0201,0.8749,0.9395,0.0246,0.9379,0.9525,0.0246,0.9508,0.9762,0.0234
SVR,2015-2016,-0.0423,0.5089,0.0096,0.0077,0.4937,0.0199,-0.042,0.5013,0.0362,0.0853,0.6405,0.051,-1.0048,0.5443,0.082
SVR,2017-2018,-0.0024,0.4841,0.0082,-0.0016,0.5916,0.018,-0.1006,0.5697,0.0334,-0.1776,0.6992,0.0566,-0.2282,0.6833,0.0626
SVR,2019-2020,0.0387,0.5378,0.0166,-0.0981,0.5572,0.0339,-0.1414,0.6307,0.0743,-0.2734,0.6609,0.1112,-0.053,0.7559,0.1084
XGBoost,2015-2016,-0.0002,0.5063,0.0094,-0.0004,0.5696,0.02,-0.0305,0.6101,0.036,-1.2437,0.557,0.0799,-1.3762,0.6,0.0892
XGBoost,2017-2018,-0.0003,0.5478,0.0082,-0.0014,0.6155,0.018,-0.0041,0.6892,0.0319,-0.0031,0.755,0.0523,-0.0183,0.7649,0.057
XGBoost,2019-2020,-0.0269,0.5702,0.0172,-0.0109,0.6479,0.0325,-0.0659,0.6458,0.0718,-0.0469,0.7991,0.1009,-0.1833,0.7646,0.1149
