Model,Horizon,Fold,Train_Start,Train_End,Val_Start,Val_End,best_alpha,best_l1_ratio,MAE,RMSE,OOS_R2,DA
Elastic_Net,1D,1,1990-03-27,2015-06-09,2015-06-10,2016-07-07,0.001,0.7,0.0077266384351698785,0.010615911070656452,0.000635668765523234,0.5073529411764706
Elastic_Net,1D,2,1990-03-27,2016-07-07,2016-07-08,2017-08-04,0.001,0.3,0.0034699546634581976,0.004927178331838681,0.002109426941490522,0.5073529411764706
Elastic_Net,1D,3,1990-03-27,2017-08-04,2017-08-07,2018-09-04,0.001,0.3,0.005142672006126908,0.0077362544418932,0.00034877863992466285,0.5698529411764706
Elastic_Net,1D,4,1990-03-27,2018-09-04,2018-09-05,2019-10-03,0.001,0.3,0.0071365253287553445,0.010257153708514944,0.001962262400771575,0.5147058823529411
Elastic_Net,1D,5,1990-03-27,2019-10-03,2019-10-04,2020-10-30,0.001,0.3,0.012416841981317098,0.020875544297622357,0.0035561333934456263,0.5625
Elastic_Net,5D,1,1990-03-27,2015-06-09,2015-06-10,2016-07-07,0.01,0.1,0.0166280625917293,0.02266955985187961,0.008819286128339154,0.5257352941176471
Elastic_Net,5D,2,1990-03-27,2016-07-07,2016-07-08,2017-08-04,0.001,0.5,0.007225825930540722,0.009808115069233552,0.0007666023746589756,0.5845588235294118
Elastic_Net,5D,3,1990-03-27,2017-08-04,2017-08-07,2018-09-04,0.001,0.5,0.011321972200943307,0.016324088467703626,-0.008411754756915135,0.6360294117647058
Elastic_Net,5D,4,1990-03-27,2018-09-04,2018-09-05,2019-10-03,0.001,0.5,0.016820017735232548,0.02237778129061267,-0.0016503172915027786,0.5036764705882353
Elastic_Net,5D,5,1990-03-27,2019-10-03,2019-10-04,2020-10-30,0.001,0.7,0.02586280333030319,0.04007948777593958,-0.020165699475468646,0.6397058823529411
Elastic_Net,20D,1,1990-03-27,2015-06-09,2015-06-10,2016-07-07,100.0,0.1,0.03156133641594326,0.04066400121196909,-0.006672587945511621,0.5735294117647058
Elastic_Net,20D,2,1990-03-27,2016-07-07,2016-07-08,2017-08-04,0.001,0.3,0.013849911748171113,0.016920620586079675,0.0258057166568485,0.6507352941176471
Elastic_Net,20D,3,1990-03-27,2017-08-04,2017-08-07,2018-09-04,0.001,0.3,0.021772040461520963,0.026250254949807064,-0.08960344782372842,0.6985294117647058
Elastic_Net,20D,4,1990-03-27,2018-09-04,2018-09-05,2019-10-03,0.001,0.1,0.0375216931605062,0.045264336143136456,-0.11796136654729783,0.39705882352941174
Elastic_Net,20D,5,1990-03-27,2019-10-03,2019-10-04,2020-10-30,100.0,0.1,0.05613746085501662,0.0868625165820221,-0.006184651132816743,0.7720588235294118
Elastic_Net,60D,1,1990-03-27,2015-06-09,2015-06-10,2016-07-07,0.001,0.7,0.048975585057025144,0.0574323361882385,0.030920196795641397,0.5514705882352942
Elastic_Net,60D,2,1990-03-27,2016-07-07,2016-07-08,2017-08-04,0.001,0.9,0.026143676867637834,0.031364482508356675,-0.5894672869308522,0.875
Elastic_Net,60D,3,1990-03-27,2017-08-04,2017-08-07,2018-09-04,0.001,0.7,0.04700712925030572,0.053269976130653915,-0.394154154844474,0.5183823529411765
Elastic_Net,60D,4,1990-03-27,2018-09-04,2018-09-05,2019-10-03,100.0,0.1,0.04527391962370321,0.0636770665998688,-0.004514827222491302,0.7352941176470589
Elastic_Net,60D,5,1990-03-27,2019-10-03,2019-10-04,2020-10-30,100.0,0.1,0.10415838820283077,0.12677145934283726,-0.027810639335421605,0.75
Elastic_Net,120D,1,1990-03-27,2015-06-09,2015-06-10,2016-07-07,100.0,0.1,0.04648909311707084,0.06187077329309219,-0.010398112006172022,0.7242647058823529
Elastic_Net,120D,2,1990-03-27,2016-07-07,2016-07-08,2017-08-04,100.0,0.1,0.04365763590442143,0.04941093320687822,-3.244879471891797,1.0
Elastic_Net,120D,3,1990-03-27,2017-08-04,2017-08-07,2018-09-04,100.0,0.1,0.046040749447784225,0.05976349770809635,-0.04920697042364153,0.6617647058823529
Elastic_Net,120D,4,1990-03-27,2018-09-04,2018-09-05,2019-10-03,100.0,0.1,0.05783115653064266,0.07689142483095476,-0.07113731704363757,0.8382352941176471
Elastic_Net,120D,5,1990-03-27,2019-10-03,2019-10-04,2020-10-30,100.0,0.1,0.12058824429701864,0.13335124318935532,-0.2519055121093028,0.6654411764705882
