Model,Horizon,Fold,Train_Start,Train_End,Val_Start,Val_End,best_alpha,MAE,RMSE,OOS_R2,DA
Ridge,1D,1,1990-03-27,2015-06-09,2015-06-10,2016-07-07,100.0,0.007765571857505017,0.010698040664289537,-0.014887234574914254,0.5294117647058824
Ridge,1D,2,1990-03-27,2016-07-07,2016-07-08,2017-08-04,100.0,0.003526980486552161,0.005006819059429318,-0.030410204745400238,0.5330882352941176
Ridge,1D,3,1990-03-27,2017-08-04,2017-08-07,2018-09-04,100.0,0.005190896620248333,0.007719009020452228,0.00480059494382068,0.5147058823529411
Ridge,1D,4,1990-03-27,2018-09-04,2018-09-05,2019-10-03,100.0,0.007253018252855207,0.01032501317400582,-0.011287093476523902,0.5036764705882353
Ridge,1D,5,1990-03-27,2019-10-03,2019-10-04,2020-10-30,100.0,0.012475376590163819,0.020787507137027768,0.011942895504520878,0.49264705882352944
Ridge,5D,1,1990-03-27,2015-06-09,2015-06-10,2016-07-07,100.0,0.016977895842909718,0.02278258755236384,-0.0010891694243801986,0.47058823529411764
Ridge,5D,2,1990-03-27,2016-07-07,2016-07-08,2017-08-04,100.0,0.007375900379108505,0.00976114932874115,0.010313263602328648,0.5147058823529411
Ridge,5D,3,1990-03-27,2017-08-04,2017-08-07,2018-09-04,100.0,0.011568472250110954,0.016334851639268334,-0.00974197137557642,0.5625
Ridge,5D,4,1990-03-27,2018-09-04,2018-09-05,2019-10-03,100.0,0.017167110638483522,0.02258462740621226,-0.02025314747286666,0.47058823529411764
Ridge,5D,5,1990-03-27,2019-10-03,2019-10-04,2020-10-30,100.0,0.027300183751558803,0.04173759952976495,-0.10632143704656838,0.4889705882352941
Ridge,20D,1,1990-03-27,2015-06-09,2015-06-10,2016-07-07,10.0,0.03205815470343393,0.04051843444633544,0.0005217748242107856,0.5404411764705882
Ridge,20D,2,1990-03-27,2016-07-07,2016-07-08,2017-08-04,10.0,0.013944109534790654,0.016968454823057744,0.020289877759961605,0.6544117647058824
Ridge,20D,3,1990-03-27,2017-08-04,2017-08-07,2018-09-04,100.0,0.022083531590962956,0.026488332608337824,-0.10945747236232295,0.6985294117647058
Ridge,20D,4,1990-03-27,2018-09-04,2018-09-05,2019-10-03,10.0,0.037791996686343816,0.045563715177157474,-0.13279870026053175,0.39338235294117646
Ridge,20D,5,1990-03-27,2019-10-03,2019-10-04,2020-10-30,0.001,0.06431769812916137,0.09404278036511882,-0.1794072521713168,0.5147058823529411
Ridge,60D,1,1990-03-27,2015-06-09,2015-06-10,2016-07-07,100.0,0.04920164721469265,0.05739349492777621,0.03223052319209929,0.5404411764705882
Ridge,60D,2,1990-03-27,2016-07-07,2016-07-08,2017-08-04,100.0,0.02695912625340442,0.03214401738469754,-0.6694585853177559,0.8272058823529411
Ridge,60D,3,1990-03-27,2017-08-04,2017-08-07,2018-09-04,100.0,0.04832926570615332,0.054642939932378946,-0.4669452592304213,0.5036764705882353
Ridge,60D,4,1990-03-27,2018-09-04,2018-09-05,2019-10-03,100.0,0.05541464694176807,0.07563966463978813,-0.4173902586811373,0.4522058823529412
Ridge,60D,5,1990-03-27,2019-10-03,2019-10-04,2020-10-30,100.0,0.11545627167904356,0.14572108763427502,-0.35804742851558324,0.4852941176470588
Ridge,120D,1,1990-03-27,2015-06-09,2015-06-10,2016-07-07,100.0,0.04737403441365363,0.062405932557152204,-0.027952844616031536,0.6213235294117647
Ridge,120D,2,1990-03-27,2016-07-07,2016-07-08,2017-08-04,100.0,0.05636240386335327,0.061892106771176264,-5.660238525351466,0.9485294117647058
Ridge,120D,3,1990-03-27,2017-08-04,2017-08-07,2018-09-04,100.0,0.051897221003935616,0.06540133476692543,-0.2564996643765505,0.5441176470588235
Ridge,120D,4,1990-03-27,2018-09-04,2018-09-05,2019-10-03,100.0,0.07192449820127912,0.09006099142596768,-0.46947695486368435,0.7205882352941176
Ridge,120D,5,1990-03-27,2019-10-03,2019-10-04,2020-10-30,100.0,0.11897426472800747,0.14235577017341855,-0.42668325703682286,0.47058823529411764
