Model,Horizon,MAE_Mean,MAE_Std,RMSE_Mean,RMSE_Std,OOS_R2_Mean,OOS_R2_Std,DA_Mean,DA_Std
ARIMA,120D,0.010846307223657458,0.004156162854008773,0.015531018539944198,0.00659689070231124,0.9404253425041537,0.01977827405414478,0.9669117647058822,0.02396765590148031
ARIMA,1D,0.007156392641609441,0.0033397358605323233,0.010844978079695141,0.00595613628464087,0.0057101248254989,0.010346775034397947,0.5272058823529411,0.04212728385479773
ARIMA,20D,0.010484600141229181,0.004957457304230499,0.01542864313048568,0.009071183351597572,0.8582704174415211,0.031613138541068925,0.9183823529411764,0.023164682355916715
ARIMA,5D,0.00979231152399768,0.004091739922077341,0.01422203284188816,0.0071588981394996145,0.5835090222667075,0.03320592777282771,0.7941176470588235,0.05283127890882321
ARIMA,60D,0.01114439759653928,0.005703498221971644,0.015279513361171278,0.008736410802689882,0.9385242315089453,0.012381875471146437,0.9573529411764706,0.014843109733960594
ARIMAX,120D,0.00806028857688598,0.0028605835620445124,0.01204646251827222,0.0051958814029309085,0.962204028412782,0.0179708577140405,0.9742647058823529,0.018565266430812615
ARIMAX,1D,0.007177257891445621,0.003261064299352044,0.01081872294557502,0.0058203985256277445,0.0007235935760175005,0.030531239824843116,0.5205882352941177,0.044771502730502635
ARIMAX,20D,0.00820062442503838,0.0039827032899978606,0.01205117572530406,0.007195614256106456,0.9122643666660109,0.02185923940422814,0.9360294117647058,0.017361351401643518
ARIMAX,5D,0.00828608949329158,0.004038870363202368,0.012216763699079739,0.007291255893344016,0.7049714071414812,0.059145023386752364,0.8242647058823529,0.031881593218645275
ARIMAX,60D,0.00838825473210538,0.004593089675976658,0.0119975571730583,0.007459239632723539,0.9627423174056515,0.010567140680762147,0.9705882352941175,0.0149338941261691
Elastic_Net,120D,0.06292137585938752,0.032701090155535704,0.07625757444567531,0.03339111235627594,-0.7255054766949101,1.4114264198951378,0.7779411764705882,0.14316065061955102
Elastic_Net,1D,0.00717852648296542,0.0033778820457752044,0.010882408370105078,0.006035059635516529,0.00172245402823108,0.001288188882232385,0.5323529411764706,0.031130828132377285
Elastic_Net,20D,0.0321684885282316,0.016180184297277272,0.043192345894602815,0.026902636834336458,-0.0389232673585012,0.061476146801010406,0.6183823529411764,0.1432503162795352
Elastic_Net,5D,0.01557173635774978,0.0070052624360372046,0.02225180649107376,0.011269426612320431,-0.0041283766041776805,0.010877575794642507,0.5779411764705882,0.06219649491119859
Elastic_Net,60D,0.0543117398003005,0.02933275559259519,0.066503064153991,0.0358203097604691,-0.19700534230751957,0.2786231906846779,0.6860294117647059,0.14869494270538983
Historical_Mean,120D,0.06258577215107605,0.03254801809996203,0.07598599259090978,0.03335043121649741,-0.6973921949787499,1.3558316678873115,0.7779411764705882,0.14316065061955102
Historical_Mean,1D,0.007190717603223,0.003386615203942254,0.010898171878808,0.006046630890002923,-0.0012147391573190001,0.0012608915761227395,0.5485294117647059,0.03752882398580838
Historical_Mean,20D,0.0314744929544714,0.0160660372405263,0.04280303212332392,0.026773858070613908,-0.02671044627369428,0.02826484089907254,0.6845588235294117,0.10269139864857905
Historical_Mean,5D,0.015505088285916142,0.006903395131721748,0.022217558632583977,0.011107121512225475,-0.00538247709166476,0.0048486731705158,0.6183823529411765,0.05311195901406215
Historical_Mean,60D,0.05222748702429706,0.030430647412358625,0.0647685877941789,0.03714166504033595,-0.08606571322165427,0.15257376531037897,0.7455882352941177,0.09613109426058265
LSTM,120D,0.07152541541916134,0.027353209585210505,0.08822668096131928,0.033496242669283444,-1.4639006447808676,2.0261020595386667,0.6580882352941176,0.2040855151434062
LSTM,1D,0.007184573424661926,0.0032330563026501968,0.010899340446977684,0.005915881541928234,-0.010517635029007332,0.0232886681225899,0.525,0.035587779530382564
LSTM,20D,0.03279854715287174,0.016144447359066894,0.04474158668739285,0.02653551011791308,-0.14864021976765257,0.07223684020488225,0.5860294117647058,0.10767729003335538
LSTM,5D,0.016578624065883583,0.0077084553118897375,0.023591539956563115,0.01257930896990157,-0.10410362308235381,0.07333872310936601,0.5477941176470588,0.051667166627041156
LSTM,60D,0.056769794997518164,0.030747868087895175,0.07465461039016577,0.03824028317963101,-0.6348393567000774,0.9383398234849185,0.6735294117647058,0.13305065280212894
LightGBM,120D,0.0807878162188638,0.029810979131523373,0.10012336191602342,0.038402010095549714,-1.5773902076625823,1.0474777815180176,0.5838235294117647,0.2354434268915486
LightGBM,1D,0.007314937896638779,0.0036343220641453034,0.0111227119141783,0.0064767543599237795,-0.02482577176442722,0.04341732878279121,0.536764705882353,0.012467518351333227
LightGBM,20D,0.032667445176943914,0.016279950711561294,0.04442862993863576,0.02684847231495871,-0.11550944284199571,0.18675964559601632,0.6419117647058823,0.17741780103633195
LightGBM,5D,0.01600569519839952,0.007731270826932406,0.022767530340296098,0.01214747354474197,-0.0326671854087236,0.05972551334089552,0.5852941176470589,0.07201566834994502
LightGBM,60D,0.05870335722631033,0.028283589053157903,0.07400084191709347,0.03662043145138685,-0.48369330475091293,0.5661270299901866,0.6345588235294117,0.1800457398152079
Logistic_Regression,120D,,,,,,,,
Logistic_Regression,1D,,,,,,,,
Logistic_Regression,20D,,,,,,,,
Logistic_Regression,5D,,,,,,,,
Logistic_Regression,60D,,,,,,,,
RNN,120D,0.06490899461344031,0.024333061749568823,0.07768942136543772,0.024686862428900568,-1.4221720863841267,3.0566071594817066,0.7301470588235295,0.08450285871784392
RNN,1D,0.00753849958764726,0.0033418407255499066,0.01114024607350252,0.00586840015280928,-0.07106510076692008,0.08732992592816888,0.4992647058823529,0.011151287417722854
RNN,20D,0.03280475297637298,0.015537958584757613,0.04446616764530516,0.026940138456076505,-0.11096617733552763,0.14776464576820525,0.6007352941176471,0.1111668899544524
RNN,5D,0.01581982792934588,0.006486403641519319,0.022686594772957758,0.01142001637823945,-0.052777826041511065,0.04729842913939744,0.5080882352941176,0.06573586984877501
RNN,60D,0.05968194116715758,0.030856411133641348,0.07420394496670565,0.03909417545328339,-0.5102900846865682,0.4755319924276401,0.6338235294117647,0.11528534818089554
Random_Forest,120D,0.07386144859939617,0.028775240425506825,0.09123010633770479,0.035493077644416345,-1.1247284952663068,0.7632554206525651,0.6330882352941176,0.2265046049701073
Random_Forest,1D,0.00724794621969248,0.0034949494864617583,0.01101995948605974,0.006277655355366868,-0.01373913239659536,0.024483325168001238,0.5404411764705882,0.035071294169740655
Random_Forest,20D,0.034612193621920986,0.021252194971550325,0.04634951308143886,0.03297642354400313,-0.13181553667613505,0.15357752454100482,0.6227941176470588,0.1347716093181375
Random_Forest,5D,0.0159778486304802,0.007756228501968573,0.02268150028375528,0.012120465364286251,-0.025329320467780043,0.05929978951391971,0.5933823529411766,0.06686730908464504
Random_Forest,60D,0.058788357906248256,0.03456872105026972,0.07425292881780492,0.04509223114987728,-0.35512165883944513,0.13610189227541217,0.6139705882352942,0.17179388224200115
Ridge,120D,0.06930648444204576,0.02926348592662543,0.08442322713892798,0.03443184922327792,-1.368170249248911,2.4056127941521903,0.6610294117647059,0.185550709359853
Ridge,1D,0.007242368761464879,0.003379011460699124,0.010907277811040901,0.005978758549768583,-0.00796820846969938,0.01674832468380841,0.5147058823529412,0.017047092822602406
Ridge,20D,0.0340390981289385,0.019245428939449576,0.04471634348400142,0.029806222337312293,-0.08017035444199982,0.0867163737569204,0.5602941176470588,0.12072602421961653
Ridge,5D,0.01607791257243428,0.007483243965109924,0.02264016309127006,0.011941120084229305,-0.025418492343412556,0.046600415490618545,0.501470588235294,0.038611693685635676
Ridge,60D,0.05907219155901235,0.033304013228380884,0.07310824090378314,0.04343104248695191,-0.37592220171055973,0.256454947121618,0.5617647058823529,0.15177190190418136
SARIMA,120D,0.01092497136377708,0.004251610355496687,0.01567376586689028,0.006763046610574284,0.9395033964175246,0.020418599125247672,0.9691176470588235,0.022302574835445742
SARIMA,1D,0.007161474483930441,0.0033539498335002425,0.01084872912795318,0.005967936974216105,0.00607423440347894,0.011690276499084409,0.5389705882352941,0.04040774018833557
SARIMA,20D,0.01048042754945252,0.004954810013541114,0.01541817732525336,0.009051358982525732,0.8583733016118442,0.031668497808132946,0.9183823529411764,0.023164682355916715
SARIMA,5D,0.00885580197107662,0.004047811190721088,0.01301577697389788,0.007185082017770513,0.6607234203989305,0.03919670588973704,0.8205882352941176,0.03725772370634778
SARIMA,60D,0.0111936099730641,0.005812564345844051,0.015400244791483799,0.008983287694041015,0.9380080632334888,0.012353813755771766,0.9573529411764706,0.013902698824403738
SVR,120D,0.0679525858104572,0.024594579480407993,0.08231953085354694,0.02786085405178836,-0.8609777580299618,0.8862217022129599,0.6676470588235295,0.24473533211505674
SVR,1D,0.0072286517775471005,0.003320833528574845,0.01087402787671706,0.005816988555872595,-0.01053377896182768,0.03707993000059876,0.5095588235294117,0.03038375516381528
SVR,20D,0.0333671649557574,0.016425139523253265,0.04511366341255424,0.0281907837840278,-0.20061494955516412,0.3282151529378838,0.5705882352941176,0.15540211123556394
SVR,5D,0.015748446908802737,0.007353919247642516,0.02257137959845564,0.012025328866140005,-0.013975592894599459,0.05818661447256501,0.5514705882352942,0.062229084116951335
SVR,60D,0.053524161827911046,0.03218611614156211,0.06861998475690796,0.04248167474340609,-0.1488804623900113,0.15700509382721806,0.6691176470588236,0.1316104582328585
XGBoost,120D,0.0693137721488135,0.03197013994698372,0.08414521257966953,0.03401628289003674,-1.0514094466990165,1.3649542952796672,0.7169117647058824,0.2175029332021918
XGBoost,1D,0.007197192421680159,0.0033997855691177596,0.010959128503333,0.006174737201351786,-0.006941209942120939,0.01279527755655256,0.5433823529411764,0.03134716727542973
XGBoost,20D,0.03211309710432429,0.017108586541532463,0.04344573373897008,0.02781106724466375,-0.04526815653517898,0.02446119091612706,0.6514705882352941,0.09342142535983367
XGBoost,5D,0.015614362476979999,0.007116062747759597,0.022250274369167537,0.011179078063454017,-0.00665844733577346,0.003848193674293069,0.6132352941176471,0.046460465204188575
XGBoost,60D,0.05632353587567096,0.031136620232407573,0.07154992793323918,0.03883498064592611,-0.3874914787915596,0.6516125212630366,0.7125,0.15713202606698917
