Model,Horizon,Fold,Train_Start,Train_End,Val_Start,Val_End,MAE,RMSE,OOS_R2,DA
Historical_Mean,1D,1,1990-03-27,2015-06-09,2015-06-10,2016-07-07,0.0077316656471229485,0.010622783813503164,-0.0006587274113778463,0.5073529411764706
Historical_Mean,1D,2,1990-03-27,2016-07-07,2016-07-08,2017-08-04,0.003473249588860997,0.0049406229152408904,-0.0033438066423305823,0.5257352941176471
Historical_Mean,1D,3,1990-03-27,2017-08-04,2017-08-07,2018-09-04,0.005165271532263599,0.0077427437421349,-0.001328973217624707,0.5845588235294118
Historical_Mean,1D,4,1990-03-27,2018-09-04,2018-09-05,2019-10-03,0.00713352457635269,0.01027016857261469,-0.0005720793261290158,0.5330882352941176
Historical_Mean,1D,5,1990-03-27,2019-10-03,2019-10-04,2020-10-30,0.012449876671515158,0.020914540350546684,-0.00017010918913307194,0.5919117647058824
Historical_Mean,5D,1,1990-03-27,2015-06-09,2015-06-10,2016-07-07,0.016659571313968852,0.022793185152905102,-0.002020723892106613,0.5514705882352942
Historical_Mean,5D,2,1990-03-27,2016-07-07,2016-07-08,2017-08-04,0.007277975540713856,0.009874343566410171,-0.012773441891674508,0.6213235294117647
Historical_Mean,5D,3,1990-03-27,2017-08-04,2017-08-07,2018-09-04,0.01123325408068072,0.016319454626957684,-0.007839329991919497,0.6580882352941176
Historical_Mean,5D,4,1990-03-27,2018-09-04,2018-09-05,2019-10-03,0.016760746695461654,0.022391296652684082,-0.0028606030351381317,0.5808823529411765
Historical_Mean,5D,5,1990-03-27,2019-10-03,2019-10-04,2020-10-30,0.025593893798755894,0.039709513163963164,-0.001418286647485223,0.6801470588235294
Historical_Mean,20D,1,1990-03-27,2015-06-09,2015-06-10,2016-07-07,0.03158948032856666,0.040661609478514014,-0.0065541725594919775,0.5735294117647058
Historical_Mean,20D,2,1990-03-27,2016-07-07,2016-07-08,2017-08-04,0.014189420928538391,0.0175241039386196,-0.04492385243659491,0.6985294117647058
Historical_Mean,20D,3,1990-03-27,2017-08-04,2017-08-07,2018-09-04,0.020727645715126752,0.02598637651770537,-0.06780726332164555,0.7941176470588235
Historical_Mean,20D,4,1990-03-27,2018-09-04,2018-09-05,2019-10-03,0.03474392235031371,0.042984218641925295,-0.008167187646227259,0.5845588235294118
Historical_Mean,20D,5,1990-03-27,2019-10-03,2019-10-04,2020-10-30,0.05612199544981177,0.08685885203985552,-0.0060997554045119085,0.7720588235294118
Historical_Mean,60D,1,1990-03-27,2015-06-09,2015-06-10,2016-07-07,0.048360783596880424,0.058729149250166805,-0.013337224999052433,0.625
Historical_Mean,60D,2,1990-03-27,2016-07-07,2016-07-08,2017-08-04,0.024109470507551304,0.028995838262388,-0.3584594476685321,0.8933823529411765
Historical_Mean,60D,3,1990-03-27,2017-08-04,2017-08-07,2018-09-04,0.03934544967374342,0.045722366699453135,-0.027077458701574297,0.7242647058823529
Historical_Mean,60D,4,1990-03-27,2018-09-04,2018-09-05,2019-10-03,0.04528346689183601,0.06367623483932514,-0.004488585110955512,0.7352941176470589
Historical_Mean,60D,5,1990-03-27,2019-10-03,2019-10-04,2020-10-30,0.10403826445147428,0.12671934991956163,-0.02696584962815729,0.75
Historical_Mean,120D,1,1990-03-27,2015-06-09,2015-06-10,2016-07-07,0.046417506221563924,0.061862494752411554,-0.0101277400091897,0.7242647058823529
Historical_Mean,120D,2,1990-03-27,2016-07-07,2016-07-08,2017-08-04,0.04293077732682076,0.04866381438291352,-3.11748043973917,1.0
Historical_Mean,120D,3,1990-03-27,2017-08-04,2017-08-07,2018-09-04,0.04599055643134197,0.059714504318484386,-0.047487421281298126,0.6617647058823529
Historical_Mean,120D,4,1990-03-27,2018-09-04,2018-09-05,2019-10-03,0.05764607170970458,0.07680323404621095,-0.06868163963436613,0.8382352941176471
Historical_Mean,120D,5,1990-03-27,2019-10-03,2019-10-04,2020-10-30,0.11994394906594934,0.13288591545452877,-0.24318373422972583,0.6654411764705882
