Model,Horizon,Fold,Train_Start,Train_End,Val_Start,Val_End,order,seasonal_order,MAE,RMSE,OOS_R2,DA
SARIMA,1D,1,1990-03-27,2015-06-09,2015-06-10,2016-07-07,"(1, 0, 0)","(1, 0, 0, 5)",0.007769563754052692,0.010669905674420293,-0.009556109783088074,0.48161764705882354
SARIMA,1D,2,1990-03-27,2016-07-07,2016-07-08,2017-08-04,"(1, 0, 0)","(1, 0, 0, 5)",0.0034495350376690655,0.004900073992753694,0.013057994096408954,0.5257352941176471
SARIMA,1D,3,1990-03-27,2017-08-04,2017-08-07,2018-09-04,"(1, 0, 0)","(1, 0, 0, 5)",0.0051208784135335006,0.007716678653127961,0.005401405252114633,0.5698529411764706
SARIMA,1D,4,1990-03-27,2018-09-04,2018-09-05,2019-10-03,"(1, 0, 0)","(1, 0, 0, 5)",0.007140345045828807,0.010264693138447124,0.000494525587116379,0.5330882352941176
SARIMA,1D,5,1990-03-27,2019-10-03,2019-10-04,2020-10-30,"(1, 0, 0)","(1, 0, 0, 5)",0.012327050168568372,0.02069229418101714,0.020973356864842918,0.5845588235294118
SARIMA,5D,1,1990-03-27,2015-06-09,2015-06-10,2016-07-07,"(1, 0, 0)","(1, 0, 0, 5)",0.009450600439397043,0.012711904643683774,0.6883350817086047,0.8198529411764706
SARIMA,5D,2,1990-03-27,2016-07-07,2016-07-08,2017-08-04,"(1, 0, 0)","(1, 0, 0, 5)",0.004357588706449256,0.005911186994208089,0.6370513106593527,0.7647058823529411
SARIMA,5D,3,1990-03-27,2017-08-04,2017-08-07,2018-09-04,"(1, 0, 0)","(1, 0, 0, 5)",0.006356405232656998,0.009327601561434768,0.6707543900870819,0.8161764705882353
SARIMA,5D,4,1990-03-27,2018-09-04,2018-09-05,2019-10-03,"(1, 0, 0)","(1, 0, 0, 5)",0.00904005576014304,0.01220942216163669,0.7018242612213969,0.8345588235294118
SARIMA,5D,5,1990-03-27,2019-10-03,2019-10-04,2020-10-30,"(1, 0, 0)","(1, 0, 0, 5)",0.015074359716737,0.024918769508526478,0.6056520583182167,0.8676470588235294
SARIMA,20D,1,1990-03-27,2015-06-09,2015-06-10,2016-07-07,"(1, 0, 0)","(1, 0, 0, 5)",0.010439816869642899,0.013954540691697132,0.8814506665842128,0.8860294117647058
SARIMA,20D,2,1990-03-27,2016-07-07,2016-07-08,2017-08-04,"(1, 0, 0)","(1, 0, 0, 5)",0.005114645513845026,0.006685719458588859,0.8479069741004256,0.9080882352941176
SARIMA,20D,3,1990-03-27,2017-08-04,2017-08-07,2018-09-04,"(1, 0, 0)","(1, 0, 0, 5)",0.007533763961318403,0.011041394795300514,0.8072256289677407,0.9227941176470589
SARIMA,20D,4,1990-03-27,2018-09-04,2018-09-05,2019-10-03,"(1, 0, 0)","(1, 0, 0, 5)",0.011062675391249588,0.014831568547479183,0.8799703190040169,0.9485294117647058
SARIMA,20D,5,1990-03-27,2019-10-03,2019-10-04,2020-10-30,"(1, 0, 0)","(1, 0, 0, 5)",0.018251236011206973,0.03057766313320139,0.8753129194028253,0.9264705882352942
SARIMA,60D,1,1990-03-27,2015-06-09,2015-06-10,2016-07-07,"(1, 0, 0)","(1, 0, 0, 5)",0.010880015445806546,0.013907080263108348,0.9431777404365318,0.9595588235294118
SARIMA,60D,2,1990-03-27,2016-07-07,2016-07-08,2017-08-04,"(1, 0, 0)","(1, 0, 0, 5)",0.005210149093879974,0.006894489355304099,0.923196758112963,0.9779411764705882
SARIMA,60D,3,1990-03-27,2017-08-04,2017-08-07,2018-09-04,"(1, 0, 0)","(1, 0, 0, 5)",0.008856830348278921,0.012016374749416935,0.9290597489538723,0.9411764705882353
SARIMA,60D,4,1990-03-27,2018-09-04,2018-09-05,2019-10-03,"(1, 0, 0)","(1, 0, 0, 5)",0.010194919395993226,0.013512003885140554,0.9547696678304658,0.9485294117647058
SARIMA,60D,5,1990-03-27,2019-10-03,2019-10-04,2020-10-30,"(1, 0, 0)","(1, 0, 0, 5)",0.020826135581362065,0.030671275704449347,0.9398364008336109,0.9595588235294118
SARIMA,120D,1,1990-03-27,2015-06-09,2015-06-10,2016-07-07,"(1, 0, 0)","(1, 0, 0, 5)",0.010533544272422835,0.013779033919367923,0.949886010655255,0.9448529411764706
SARIMA,120D,2,1990-03-27,2016-07-07,2016-07-08,2017-08-04,"(1, 0, 0)","(1, 0, 0, 5)",0.005190942801684089,0.00693214218315878,0.9164485147582843,1.0
SARIMA,120D,3,1990-03-27,2017-08-04,2017-08-07,2018-09-04,"(1, 0, 0)","(1, 0, 0, 5)",0.009448359442851266,0.012785310404148171,0.9519811554213022,0.9522058823529411
SARIMA,120D,4,1990-03-27,2018-09-04,2018-09-05,2019-10-03,"(1, 0, 0)","(1, 0, 0, 5)",0.01270160829344881,0.02118202398996315,0.9187124107807196,0.9669117647058824
SARIMA,120D,5,1990-03-27,2019-10-03,2019-10-04,2020-10-30,"(1, 0, 0)","(1, 0, 0, 5)",0.016750402008478694,0.0236903188378136,0.960488890472061,0.9816176470588235
