Model,Horizon,Fold,Train_Start,Train_End,Val_Start,Val_End,best_params,best_val_rmse,MAE,RMSE,OOS_R2,DA
Random_Forest,1D,1,1990-03-27,2015-06-09,2015-06-10,2016-07-07,"{'n_estimators': 200, 'max_depth': 10, 'min_samples_split': 2, 'min_samples_leaf': 5, 'max_features': 0.5, 'random_state': 42, 'n_jobs': -1}",0.008776,0.007770866918767975,0.01072892313118025,-0.020755124001390346,0.4963235294117647
Random_Forest,1D,2,1990-03-27,2016-07-07,2016-07-08,2017-08-04,"{'n_estimators': 200, 'max_depth': 5, 'min_samples_split': 5, 'min_samples_leaf': 1, 'max_features': 'sqrt', 'random_state': 42, 'n_jobs': -1}",0.00831,0.0034736521766752675,0.0049398758080780435,-0.003040383903542665,0.5220588235294118
Random_Forest,1D,3,1990-03-27,2017-08-04,2017-08-07,2018-09-04,"{'n_estimators': 200, 'max_depth': 5, 'min_samples_split': 10, 'min_samples_leaf': 1, 'max_features': 0.5, 'random_state': 42, 'n_jobs': -1}",0.007708,0.005152047400823175,0.007721182267190712,0.004240129650949442,0.5882352941176471
Random_Forest,1D,4,1990-03-27,2018-09-04,2018-09-05,2019-10-03,"{'n_estimators': 200, 'max_depth': 5, 'min_samples_split': 5, 'min_samples_leaf': 1, 'max_features': 'sqrt', 'random_state': 42, 'n_jobs': -1}",0.007916,0.007124217968331119,0.010244724523899334,0.004379556680137342,0.5367647058823529
Random_Forest,1D,5,1990-03-27,2019-10-03,2019-10-04,2020-10-30,"{'n_estimators': 200, 'max_depth': 5, 'min_samples_split': 5, 'min_samples_leaf': 1, 'max_features': 'sqrt', 'random_state': 42, 'n_jobs': -1}",0.008629,0.012718946633865186,0.021465091699950513,-0.053519840409130603,0.5588235294117647
Random_Forest,5D,1,1990-03-27,2015-06-09,2015-06-10,2016-07-07,"{'n_estimators': 200, 'max_depth': 10, 'min_samples_split': 5, 'min_samples_leaf': 5, 'max_features': 'sqrt', 'random_state': 42, 'n_jobs': -1}",0.018222,0.01689162757953499,0.02286788198950629,-0.008599042957654124,0.4852941176470588
Random_Forest,5D,2,1990-03-27,2016-07-07,2016-07-08,2017-08-04,"{'n_estimators': 500, 'max_depth': 5, 'min_samples_split': 2, 'min_samples_leaf': 5, 'max_features': 0.5, 'random_state': 42, 'n_jobs': -1}",0.017703,0.007140539367905001,0.009723687747033785,0.017895175357389048,0.6213235294117647
Random_Forest,5D,3,1990-03-27,2017-08-04,2017-08-07,2018-09-04,"{'n_estimators': 200, 'max_depth': 5, 'min_samples_split': 10, 'min_samples_leaf': 5, 'max_features': 0.5, 'random_state': 42, 'n_jobs': -1}",0.016542,0.011337742560497674,0.01636290413009229,-0.013213089510600406,0.6617647058823529
Random_Forest,5D,4,1990-03-27,2018-09-04,2018-09-05,2019-10-03,"{'n_estimators': 200, 'max_depth': 5, 'min_samples_split': 10, 'min_samples_leaf': 5, 'max_features': 0.5, 'random_state': 42, 'n_jobs': -1}",0.016865,0.01672567046337259,0.022288107057178905,0.006361402137566863,0.5808823529411765
Random_Forest,5D,5,1990-03-27,2019-10-03,2019-10-04,2020-10-30,"{'n_estimators': 200, 'max_depth': 5, 'min_samples_split': 10, 'min_samples_leaf': 5, 'max_features': 0.5, 'random_state': 42, 'n_jobs': -1}",0.018327,0.02779366318109102,0.042164920494965494,-0.1290910473656015,0.6176470588235294
Random_Forest,20D,1,1990-03-27,2015-06-09,2015-06-10,2016-07-07,"{'n_estimators': 200, 'max_depth': 5, 'min_samples_split': 10, 'min_samples_leaf': 5, 'max_features': 0.5, 'random_state': 42, 'n_jobs': -1}",0.029629,0.03379511054164404,0.043462821883036,-0.15001594957014408,0.4338235294117647
Random_Forest,20D,2,1990-03-27,2016-07-07,2016-07-08,2017-08-04,"{'n_estimators': 500, 'max_depth': 5, 'min_samples_split': 5, 'min_samples_leaf': 1, 'max_features': 'sqrt', 'random_state': 42, 'n_jobs': -1}",0.031677,0.014232537615313515,0.017558899476286707,-0.04907753515426361,0.6985294117647058
Random_Forest,20D,3,1990-03-27,2017-08-04,2017-08-07,2018-09-04,"{'n_estimators': 500, 'max_depth': 5, 'min_samples_split': 5, 'min_samples_leaf': 1, 'max_features': 'sqrt', 'random_state': 42, 'n_jobs': -1}",0.029287,0.021060381373535993,0.026184348001456095,-0.08413894563439461,0.7941176470588235
Random_Forest,20D,4,1990-03-27,2018-09-04,2018-09-05,2019-10-03,"{'n_estimators': 500, 'max_depth': 5, 'min_samples_split': 10, 'min_samples_leaf': 1, 'max_features': 'sqrt', 'random_state': 42, 'n_jobs': -1}",0.029396,0.03461922086670516,0.042588338277180636,0.01031753573980898,0.5845588235294118
Random_Forest,20D,5,1990-03-27,2019-10-03,2019-10-04,2020-10-30,"{'n_estimators': 200, 'max_depth': 5, 'min_samples_split': 5, 'min_samples_leaf': 1, 'max_features': 'sqrt', 'random_state': 42, 'n_jobs': -1}",0.033441,0.06935371771240648,0.10195315776923501,-0.3861627887616821,0.6029411764705882
Random_Forest,60D,1,1990-03-27,2015-06-09,2015-06-10,2016-07-07,"{'n_estimators': 200, 'max_depth': 5, 'min_samples_split': 10, 'min_samples_leaf': 2, 'max_features': 'sqrt', 'random_state': 42, 'n_jobs': -1}",0.044523,0.059376810461877094,0.07315022964965415,-0.572092027082002,0.43014705882352944
Random_Forest,60D,2,1990-03-27,2016-07-07,2016-07-08,2017-08-04,"{'n_estimators': 500, 'max_depth': 5, 'min_samples_split': 2, 'min_samples_leaf': 2, 'max_features': 'sqrt', 'random_state': 42, 'n_jobs': -1}",0.04948,0.023339025024527338,0.02831771510183686,-0.2956621068472878,0.8933823529411765
Random_Forest,60D,3,1990-03-27,2017-08-04,2017-08-07,2018-09-04,"{'n_estimators': 500, 'max_depth': 5, 'min_samples_split': 2, 'min_samples_leaf': 2, 'max_features': 'sqrt', 'random_state': 42, 'n_jobs': -1}",0.04532,0.04352408430622893,0.05006073567608736,-0.23123300286964632,0.5992647058823529
Random_Forest,60D,4,1990-03-27,2018-09-04,2018-09-05,2019-10-03,"{'n_estimators': 500, 'max_depth': 5, 'min_samples_split': 2, 'min_samples_leaf': 2, 'max_features': 'sqrt', 'random_state': 42, 'n_jobs': -1}",0.048336,0.05196268589384516,0.07179009307309508,-0.27678945469932503,0.6102941176470589
Random_Forest,60D,5,1990-03-27,2019-10-03,2019-10-04,2020-10-30,"{'n_estimators': 500, 'max_depth': 5, 'min_samples_split': 2, 'min_samples_leaf': 2, 'max_features': 'sqrt', 'random_state': 42, 'n_jobs': -1}",0.059512,0.11573918384476302,0.14794587058835146,-0.3998317026989646,0.5367647058823529
Random_Forest,120D,1,1990-03-27,2015-06-09,2015-06-10,2016-07-07,"{'n_estimators': 500, 'max_depth': 5, 'min_samples_split': 5, 'min_samples_leaf': 1, 'max_features': 'sqrt', 'random_state': 42, 'n_jobs': -1}",0.055502,0.07873414173764218,0.10214763708379247,-1.75408974121284,0.41544117647058826
Random_Forest,120D,2,1990-03-27,2016-07-07,2016-07-08,2017-08-04,"{'n_estimators': 500, 'max_depth': 5, 'min_samples_split': 2, 'min_samples_leaf': 5, 'max_features': 'sqrt', 'random_state': 42, 'n_jobs': -1}",0.070953,0.03579420156283897,0.04233424806398858,-2.1160394792282338,1.0
Random_Forest,120D,3,1990-03-27,2017-08-04,2017-08-07,2018-09-04,"{'n_estimators': 500, 'max_depth': 5, 'min_samples_split': 2, 'min_samples_leaf': 5, 'max_features': 'sqrt', 'random_state': 42, 'n_jobs': -1}",0.064855,0.06307381196096315,0.0763757843908429,-0.7135647524694839,0.4889705882352941
Random_Forest,120D,4,1990-03-27,2018-09-04,2018-09-05,2019-10-03,"{'n_estimators': 500, 'max_depth': 5, 'min_samples_split': 2, 'min_samples_leaf': 5, 'max_features': 'sqrt', 'random_state': 42, 'n_jobs': -1}",0.073365,0.07641534030896141,0.09628359531952038,-0.6795538403346693,0.6654411764705882
Random_Forest,120D,5,1990-03-27,2019-10-03,2019-10-04,2020-10-30,"{'n_estimators': 500, 'max_depth': 5, 'min_samples_split': 2, 'min_samples_leaf': 5, 'max_features': 'sqrt', 'random_state': 42, 'n_jobs': -1}",0.086461,0.11528974742657536,0.13900926683037984,-0.3603946630863062,0.5955882352941176
