Model,Horizon,Fold,Train_Start,Train_End,Val_Start,Val_End,best_C,best_class_weight,ROC_AUC,Accuracy,Precision,Recall,F1,Balanced_Accuracy
Logistic_Regression,1D,1,1990-03-27,2015-06-09,2015-06-10,2016-07-07,0.001,balanced,0.491023145143846,0.49264705882352944,0.5,0.5217391304347826,0.5106382978723404,0.49221284879948085
Logistic_Regression,1D,2,1990-03-27,2016-07-07,2016-07-08,2017-08-04,100.0,None,0.5087006017238576,0.5183823529411765,0.5223880597014925,0.9790209790209791,0.681265206812652,0.4933864585027376
Logistic_Regression,1D,3,1990-03-27,2017-08-04,2017-08-07,2018-09-04,0.001,None,0.5756664996938833,0.5845588235294118,0.5845588235294118,1.0,0.7378190255220418,0.5
Logistic_Regression,1D,4,1990-03-27,2018-09-04,2018-09-05,2019-10-03,0.001,balanced,0.45696443117024166,0.4632352941176471,0.49635036496350365,0.4689655172413793,0.48226950354609927,0.46282921531360305
Logistic_Regression,1D,5,1990-03-27,2019-10-03,2019-10-04,2020-10-30,0.001,balanced,0.5277264842482233,0.47058823529411764,0.6049382716049383,0.30434782608695654,0.4049586776859504,0.508029768899334
Logistic_Regression,5D,1,1990-03-27,2015-06-09,2015-06-10,2016-07-07,10.0,None,0.41803278688524587,0.5294117647058824,0.54296875,0.9266666666666666,0.6847290640394089,0.48382513661202187
Logistic_Regression,5D,2,1990-03-27,2016-07-07,2016-07-08,2017-08-04,0.001,balanced,0.4991095536278508,0.5110294117647058,0.5989010989010989,0.6449704142011834,0.6210826210826211,0.46811627506175674
Logistic_Regression,5D,3,1990-03-27,2017-08-04,2017-08-07,2018-09-04,0.001,balanced,0.5267015077791795,0.5698529411764706,0.6867469879518072,0.6368715083798883,0.6608695652173913,0.5388658617168258
Logistic_Regression,5D,4,1990-03-27,2018-09-04,2018-09-05,2019-10-03,0.001,None,0.44814568065733956,0.5772058823529411,0.5793357933579336,0.9936708860759493,0.7319347319347319,0.49683544303797467
Logistic_Regression,5D,5,1990-03-27,2019-10-03,2019-10-04,2020-10-30,0.001,balanced,0.5114010562286424,0.4264705882352941,0.6593406593406593,0.32432432432432434,0.43478260869565216,0.4840012426219323
Logistic_Regression,20D,1,1990-03-27,2015-06-09,2015-06-10,2016-07-07,100.0,None,0.48828470380194516,0.5698529411764706,0.5719557195571956,0.9935897435897436,0.7259953161592506,0.4967948717948718
Logistic_Regression,20D,2,1990-03-27,2016-07-07,2016-07-08,2017-08-04,100.0,None,0.6141848523748394,0.6985294117647058,0.6985294117647058,1.0,0.8225108225108225,0.5
Logistic_Regression,20D,3,1990-03-27,2017-08-04,2017-08-07,2018-09-04,100.0,None,0.5634920634920635,0.7757352941176471,0.7902621722846442,0.9768518518518519,0.8737060041407867,0.48842592592592593
Logistic_Regression,20D,4,1990-03-27,2018-09-04,2018-09-05,2019-10-03,100.0,None,0.31318528413201985,0.5551470588235294,0.571969696969697,0.949685534591195,0.7139479905437353,0.4748427672955975
Logistic_Regression,20D,5,1990-03-27,2019-10-03,2019-10-04,2020-10-30,100.0,None,0.31781874039938557,0.5992647058823529,0.7416267942583732,0.7380952380952381,0.7398568019093079,0.43356374807987713
Logistic_Regression,60D,1,1990-03-27,2015-06-09,2015-06-10,2016-07-07,0.001,None,0.4368512110726644,0.625,0.625,1.0,0.7692307692307693,0.5
Logistic_Regression,60D,2,1990-03-27,2016-07-07,2016-07-08,2017-08-04,0.01,None,0.7722435078756917,0.8933823529411765,0.8933823529411765,1.0,0.9436893203883495,0.5
Logistic_Regression,60D,3,1990-03-27,2017-08-04,2017-08-07,2018-09-04,100.0,None,0.27986463620981383,0.6727941176470589,0.7093023255813954,0.9289340101522843,0.8043956043956044,0.46446700507614214
Logistic_Regression,60D,4,1990-03-27,2018-09-04,2018-09-05,2019-10-03,100.0,None,0.266875,0.6838235294117647,0.7209302325581395,0.93,0.8122270742358079,0.465
Logistic_Regression,60D,5,1990-03-27,2019-10-03,2019-10-04,2020-10-30,100.0,None,0.3741349480968858,0.5477941176470589,0.6866359447004609,0.7303921568627451,0.7078384798099763,0.36519607843137253
Logistic_Regression,120D,1,1990-03-27,2015-06-09,2015-06-10,2016-07-07,0.001,None,0.41874788494077836,0.7242647058823529,0.7242647058823529,1.0,0.8400852878464818,0.5
Logistic_Regression,120D,2,1990-03-27,2016-07-07,2016-07-08,2017-08-04,0.001,None,,1.0,1.0,1.0,1.0,1.0
Logistic_Regression,120D,3,1990-03-27,2017-08-04,2017-08-07,2018-09-04,0.001,None,0.40090579710144925,0.6617647058823529,0.6617647058823529,1.0,0.7964601769911505,0.5
Logistic_Regression,120D,4,1990-03-27,2018-09-04,2018-09-05,2019-10-03,0.01,None,0.25827352472089316,0.8382352941176471,0.8382352941176471,1.0,0.912,0.5
Logistic_Regression,120D,5,1990-03-27,2019-10-03,2019-10-04,2020-10-30,0.01,None,0.43931758848885916,0.5036764705882353,0.6008771929824561,0.7569060773480663,0.6699266503667481,0.3784530386740331
