Model,Horizon,Fold,Train_Start,Train_End,Val_Start,Val_End,order,MAE,RMSE,OOS_R2,DA
ARIMAX,1D,1,1990-03-27,2015-06-09,2015-06-10,2016-07-07,"(1, 0, 1)",0.007733427682925171,0.01062031977139834,-0.0001945592018921527,0.5367647058823529
ARIMAX,1D,2,1990-03-27,2016-07-07,2016-07-08,2017-08-04,"(1, 0, 1)",0.003547583171207106,0.005026574739110351,-0.0385577389340801,0.5441176470588235
ARIMAX,1D,3,1990-03-27,2017-08-04,2017-08-07,2018-09-04,"(1, 0, 1)",0.00519020731382424,0.0077305944805957936,0.0018109636111076632,0.4963235294117647
ARIMAX,1D,4,1990-03-27,2018-09-04,2018-09-05,2019-10-03,"(1, 0, 1)",0.007227483525048872,0.010299799330495855,-0.006353966457391058,0.45588235294117646
ARIMAX,1D,5,1990-03-27,2019-10-03,2019-10-04,2020-10-30,"(1, 0, 1)",0.012187587764222966,0.020416326406275016,0.04691326886234315,0.5698529411764706
ARIMAX,5D,1,1990-03-27,2015-06-09,2015-06-10,2016-07-07,"(1, 0, 1)",0.008489971635493409,0.011259761760674917,0.755473985034663,0.8198529411764706
ARIMAX,5D,2,1990-03-27,2016-07-07,2016-07-08,2017-08-04,"(1, 0, 1)",0.0040857315558160264,0.005611812072196168,0.6728837835299162,0.7720588235294118
ARIMAX,5D,3,1990-03-27,2017-08-04,2017-08-07,2018-09-04,"(1, 0, 1)",0.005866288206280719,0.008418041122315496,0.7318349929972274,0.8308823529411765
ARIMAX,5D,4,1990-03-27,2018-09-04,2018-09-05,2019-10-03,"(1, 0, 1)",0.008244183692794163,0.011220813995909084,0.7481564633483837,0.8455882352941176
ARIMAX,5D,5,1990-03-27,2019-10-03,2019-10-04,2020-10-30,"(1, 0, 1)",0.014744272376073772,0.024573389544303343,0.6165078107972154,0.8529411764705882
ARIMAX,20D,1,1990-03-27,2015-06-09,2015-06-10,2016-07-07,"(1, 0, 1)",0.007845796198850508,0.010551511375458806,0.9322206551807252,0.9154411764705882
ARIMAX,20D,2,1990-03-27,2016-07-07,2016-07-08,2017-08-04,"(1, 0, 1)",0.004259972714360593,0.005758560589477916,0.8871657663754899,0.9264705882352942
ARIMAX,20D,3,1990-03-27,2017-08-04,2017-08-07,2018-09-04,"(1, 0, 1)",0.005944621983011272,0.00832347337333466,0.890450447854029,0.9558823529411765
ARIMAX,20D,4,1990-03-27,2018-09-04,2018-09-05,2019-10-03,"(1, 0, 1)",0.008217335443501098,0.011291553768875003,0.9304300166964611,0.9522058823529411
ARIMAX,20D,5,1990-03-27,2019-10-03,2019-10-04,2020-10-30,"(1, 0, 1)",0.014735395785468756,0.024330779519374058,0.921054947223349,0.9301470588235294
ARIMAX,60D,1,1990-03-27,2015-06-09,2015-06-10,2016-07-07,"(1, 0, 1)",0.007509263163711448,0.00991790893909382,0.9711007341356462,0.9705882352941176
ARIMAX,60D,2,1990-03-27,2016-07-07,2016-07-08,2017-08-04,"(1, 0, 1)",0.0038228412568919097,0.005136402182475635,0.957372154312415,0.9889705882352942
ARIMAX,60D,3,1990-03-27,2017-08-04,2017-08-07,2018-09-04,"(1, 0, 1)",0.007277199754684,0.010171224895238562,0.9491732539192548,0.9558823529411765
ARIMAX,60D,4,1990-03-27,2018-09-04,2018-09-05,2019-10-03,"(1, 0, 1)",0.007191121979205838,0.009969662654231598,0.9753764207976225,0.9558823529411765
ARIMAX,60D,5,1990-03-27,2019-10-03,2019-10-04,2020-10-30,"(1, 0, 1)",0.016140847506033812,0.02479258719425212,0.9606890238633198,0.9816176470588235
ARIMAX,120D,1,1990-03-27,2015-06-09,2015-06-10,2016-07-07,"(1, 0, 1)",0.006809645692177717,0.009133615811608197,0.9779805271536086,0.9669117647058824
ARIMAX,120D,2,1990-03-27,2016-07-07,2016-07-08,2017-08-04,"(1, 0, 1)",0.004045958919313981,0.005418530259894993,0.9489515856271248,1.0
ARIMAX,120D,3,1990-03-27,2017-08-04,2017-08-07,2018-09-04,"(1, 0, 1)",0.008119290786279617,0.01129270051458548,0.9625385335080691,0.9522058823529411
ARIMAX,120D,4,1990-03-27,2018-09-04,2018-09-05,2019-10-03,"(1, 0, 1)",0.009797751293342956,0.018198130388763063,0.9400011567643469,0.9669117647058824
ARIMAX,120D,5,1990-03-27,2019-10-03,2019-10-04,2020-10-30,"(1, 0, 1)",0.0115287961933158,0.01618933561650977,0.9815483390107609,0.9852941176470589
