Model,Horizon,Fold,Train_Start,Train_End,Val_Start,Val_End,MAE,RMSE,OOS_R2,DA,best_alpha,best_C,best_class_weight,ROC_AUC,Accuracy,Precision,Recall,F1,Balanced_Accuracy,best_l1_ratio,order,seasonal_order,best_params,best_val_rmse,lookback,device
Historical_Mean,1D,1,1990-03-27,2015-06-09,2015-06-10,2016-07-07,0.0077316656471229,0.0106227838135031,-0.0006587274113778,0.5073529411764706,,,,,,,,,,,,,,,,
Historical_Mean,1D,2,1990-03-27,2016-07-07,2016-07-08,2017-08-04,0.0034732495888609,0.0049406229152408,-0.0033438066423305,0.5257352941176471,,,,,,,,,,,,,,,,
Historical_Mean,1D,3,1990-03-27,2017-08-04,2017-08-07,2018-09-04,0.0051652715322635,0.0077427437421349,-0.0013289732176247,0.5845588235294118,,,,,,,,,,,,,,,,
Historical_Mean,1D,4,1990-03-27,2018-09-04,2018-09-05,2019-10-03,0.0071335245763526,0.0102701685726146,-0.000572079326129,0.5330882352941176,,,,,,,,,,,,,,,,
Historical_Mean,1D,5,1990-03-27,2019-10-03,2019-10-04,2020-10-30,0.0124498766715151,0.0209145403505466,-0.000170109189133,0.5919117647058824,,,,,,,,,,,,,,,,
Historical_Mean,5D,1,1990-03-27,2015-06-09,2015-06-10,2016-07-07,0.0166595713139688,0.0227931851529051,-0.0020207238921066,0.5514705882352942,,,,,,,,,,,,,,,,
Historical_Mean,5D,2,1990-03-27,2016-07-07,2016-07-08,2017-08-04,0.0072779755407138,0.0098743435664101,-0.0127734418916745,0.6213235294117647,,,,,,,,,,,,,,,,
Historical_Mean,5D,3,1990-03-27,2017-08-04,2017-08-07,2018-09-04,0.0112332540806807,0.0163194546269576,-0.0078393299919194,0.6580882352941176,,,,,,,,,,,,,,,,
Historical_Mean,5D,4,1990-03-27,2018-09-04,2018-09-05,2019-10-03,0.0167607466954616,0.022391296652684,-0.0028606030351381,0.5808823529411765,,,,,,,,,,,,,,,,
Historical_Mean,5D,5,1990-03-27,2019-10-03,2019-10-04,2020-10-30,0.0255938937987558,0.0397095131639631,-0.0014182866474852,0.6801470588235294,,,,,,,,,,,,,,,,
Historical_Mean,20D,1,1990-03-27,2015-06-09,2015-06-10,2016-07-07,0.0315894803285666,0.040661609478514,-0.0065541725594919,0.5735294117647058,,,,,,,,,,,,,,,,
Historical_Mean,20D,2,1990-03-27,2016-07-07,2016-07-08,2017-08-04,0.0141894209285383,0.0175241039386196,-0.0449238524365949,0.6985294117647058,,,,,,,,,,,,,,,,
Historical_Mean,20D,3,1990-03-27,2017-08-04,2017-08-07,2018-09-04,0.0207276457151267,0.0259863765177053,-0.0678072633216455,0.7941176470588235,,,,,,,,,,,,,,,,
Historical_Mean,20D,4,1990-03-27,2018-09-04,2018-09-05,2019-10-03,0.0347439223503137,0.0429842186419252,-0.0081671876462272,0.5845588235294118,,,,,,,,,,,,,,,,
Historical_Mean,20D,5,1990-03-27,2019-10-03,2019-10-04,2020-10-30,0.0561219954498117,0.0868588520398555,-0.0060997554045119,0.7720588235294118,,,,,,,,,,,,,,,,
Historical_Mean,60D,1,1990-03-27,2015-06-09,2015-06-10,2016-07-07,0.0483607835968804,0.0587291492501668,-0.0133372249990524,0.625,,,,,,,,,,,,,,,,
Historical_Mean,60D,2,1990-03-27,2016-07-07,2016-07-08,2017-08-04,0.0241094705075513,0.028995838262388,-0.3584594476685321,0.8933823529411765,,,,,,,,,,,,,,,,
Historical_Mean,60D,3,1990-03-27,2017-08-04,2017-08-07,2018-09-04,0.0393454496737434,0.0457223666994531,-0.0270774587015742,0.7242647058823529,,,,,,,,,,,,,,,,
Historical_Mean,60D,4,1990-03-27,2018-09-04,2018-09-05,2019-10-03,0.045283466891836,0.0636762348393251,-0.0044885851109555,0.7352941176470589,,,,,,,,,,,,,,,,
Historical_Mean,60D,5,1990-03-27,2019-10-03,2019-10-04,2020-10-30,0.1040382644514742,0.1267193499195616,-0.0269658496281572,0.75,,,,,,,,,,,,,,,,
Historical_Mean,120D,1,1990-03-27,2015-06-09,2015-06-10,2016-07-07,0.0464175062215639,0.0618624947524115,-0.0101277400091897,0.7242647058823529,,,,,,,,,,,,,,,,
Historical_Mean,120D,2,1990-03-27,2016-07-07,2016-07-08,2017-08-04,0.0429307773268207,0.0486638143829135,-3.11748043973917,1.0,,,,,,,,,,,,,,,,
Historical_Mean,120D,3,1990-03-27,2017-08-04,2017-08-07,2018-09-04,0.0459905564313419,0.0597145043184843,-0.0474874212812981,0.6617647058823529,,,,,,,,,,,,,,,,
Historical_Mean,120D,4,1990-03-27,2018-09-04,2018-09-05,2019-10-03,0.0576460717097045,0.0768032340462109,-0.0686816396343661,0.8382352941176471,,,,,,,,,,,,,,,,
Historical_Mean,120D,5,1990-03-27,2019-10-03,2019-10-04,2020-10-30,0.1199439490659493,0.1328859154545287,-0.2431837342297258,0.6654411764705882,,,,,,,,,,,,,,,,
Ridge,1D,1,1990-03-27,2015-06-09,2015-06-10,2016-07-07,0.007765571857505,0.0106980406642895,-0.0148872345749142,0.5294117647058824,100.0,,,,,,,,,,,,,,,
Ridge,1D,2,1990-03-27,2016-07-07,2016-07-08,2017-08-04,0.0035269804865521,0.0050068190594293,-0.0304102047454002,0.5330882352941176,100.0,,,,,,,,,,,,,,,
Ridge,1D,3,1990-03-27,2017-08-04,2017-08-07,2018-09-04,0.0051908966202483,0.0077190090204522,0.0048005949438206,0.5147058823529411,100.0,,,,,,,,,,,,,,,
Ridge,1D,4,1990-03-27,2018-09-04,2018-09-05,2019-10-03,0.0072530182528552,0.0103250131740058,-0.0112870934765239,0.5036764705882353,100.0,,,,,,,,,,,,,,,
Ridge,1D,5,1990-03-27,2019-10-03,2019-10-04,2020-10-30,0.0124753765901638,0.0207875071370277,0.0119428955045208,0.4926470588235294,100.0,,,,,,,,,,,,,,,
Ridge,5D,1,1990-03-27,2015-06-09,2015-06-10,2016-07-07,0.0169778958429097,0.0227825875523638,-0.0010891694243801,0.4705882352941176,100.0,,,,,,,,,,,,,,,
Ridge,5D,2,1990-03-27,2016-07-07,2016-07-08,2017-08-04,0.0073759003791085,0.0097611493287411,0.0103132636023286,0.5147058823529411,100.0,,,,,,,,,,,,,,,
Ridge,5D,3,1990-03-27,2017-08-04,2017-08-07,2018-09-04,0.0115684722501109,0.0163348516392683,-0.0097419713755764,0.5625,100.0,,,,,,,,,,,,,,,
Ridge,5D,4,1990-03-27,2018-09-04,2018-09-05,2019-10-03,0.0171671106384835,0.0225846274062122,-0.0202531474728666,0.4705882352941176,100.0,,,,,,,,,,,,,,,
Ridge,5D,5,1990-03-27,2019-10-03,2019-10-04,2020-10-30,0.0273001837515588,0.0417375995297649,-0.1063214370465683,0.4889705882352941,100.0,,,,,,,,,,,,,,,
Ridge,20D,1,1990-03-27,2015-06-09,2015-06-10,2016-07-07,0.0320581547034339,0.0405184344463354,0.0005217748242107,0.5404411764705882,10.0,,,,,,,,,,,,,,,
Ridge,20D,2,1990-03-27,2016-07-07,2016-07-08,2017-08-04,0.0139441095347906,0.0169684548230577,0.0202898777599616,0.6544117647058824,10.0,,,,,,,,,,,,,,,
Ridge,20D,3,1990-03-27,2017-08-04,2017-08-07,2018-09-04,0.0220835315909629,0.0264883326083378,-0.1094574723623229,0.6985294117647058,100.0,,,,,,,,,,,,,,,
Ridge,20D,4,1990-03-27,2018-09-04,2018-09-05,2019-10-03,0.0377919966863438,0.0455637151771574,-0.1327987002605317,0.3933823529411764,10.0,,,,,,,,,,,,,,,
Ridge,20D,5,1990-03-27,2019-10-03,2019-10-04,2020-10-30,0.0643176981291613,0.0940427803651188,-0.1794072521713168,0.5147058823529411,0.001,,,,,,,,,,,,,,,
Ridge,60D,1,1990-03-27,2015-06-09,2015-06-10,2016-07-07,0.0492016472146926,0.0573934949277762,0.0322305231920992,0.5404411764705882,100.0,,,,,,,,,,,,,,,
Ridge,60D,2,1990-03-27,2016-07-07,2016-07-08,2017-08-04,0.0269591262534044,0.0321440173846975,-0.6694585853177559,0.8272058823529411,100.0,,,,,,,,,,,,,,,
Ridge,60D,3,1990-03-27,2017-08-04,2017-08-07,2018-09-04,0.0483292657061533,0.0546429399323789,-0.4669452592304213,0.5036764705882353,100.0,,,,,,,,,,,,,,,
Ridge,60D,4,1990-03-27,2018-09-04,2018-09-05,2019-10-03,0.055414646941768,0.0756396646397881,-0.4173902586811373,0.4522058823529412,100.0,,,,,,,,,,,,,,,
Ridge,60D,5,1990-03-27,2019-10-03,2019-10-04,2020-10-30,0.1154562716790435,0.145721087634275,-0.3580474285155832,0.4852941176470588,100.0,,,,,,,,,,,,,,,
Ridge,120D,1,1990-03-27,2015-06-09,2015-06-10,2016-07-07,0.0473740344136536,0.0624059325571522,-0.0279528446160315,0.6213235294117647,100.0,,,,,,,,,,,,,,,
Ridge,120D,2,1990-03-27,2016-07-07,2016-07-08,2017-08-04,0.0563624038633532,0.0618921067711762,-5.660238525351466,0.9485294117647058,100.0,,,,,,,,,,,,,,,
Ridge,120D,3,1990-03-27,2017-08-04,2017-08-07,2018-09-04,0.0518972210039356,0.0654013347669254,-0.2564996643765505,0.5441176470588235,100.0,,,,,,,,,,,,,,,
Ridge,120D,4,1990-03-27,2018-09-04,2018-09-05,2019-10-03,0.0719244982012791,0.0900609914259676,-0.4694769548636843,0.7205882352941176,100.0,,,,,,,,,,,,,,,
Ridge,120D,5,1990-03-27,2019-10-03,2019-10-04,2020-10-30,0.1189742647280074,0.1423557701734185,-0.4266832570368228,0.4705882352941176,100.0,,,,,,,,,,,,,,,
Logistic_Regression,1D,1,1990-03-27,2015-06-09,2015-06-10,2016-07-07,,,,,,0.001,balanced,0.491023145143846,0.4926470588235294,0.5,0.5217391304347826,0.5106382978723404,0.4922128487994808,,,,,,,
Logistic_Regression,1D,2,1990-03-27,2016-07-07,2016-07-08,2017-08-04,,,,,,100.0,,0.5087006017238576,0.5183823529411765,0.5223880597014925,0.9790209790209792,0.681265206812652,0.4933864585027376,,,,,,,
Logistic_Regression,1D,3,1990-03-27,2017-08-04,2017-08-07,2018-09-04,,,,,,0.001,,0.5756664996938833,0.5845588235294118,0.5845588235294118,1.0,0.7378190255220418,0.5,,,,,,,
Logistic_Regression,1D,4,1990-03-27,2018-09-04,2018-09-05,2019-10-03,,,,,,0.001,balanced,0.4569644311702416,0.4632352941176471,0.4963503649635036,0.4689655172413793,0.4822695035460992,0.462829215313603,,,,,,,
Logistic_Regression,1D,5,1990-03-27,2019-10-03,2019-10-04,2020-10-30,,,,,,0.001,balanced,0.5277264842482233,0.4705882352941176,0.6049382716049383,0.3043478260869565,0.4049586776859504,0.508029768899334,,,,,,,
Logistic_Regression,5D,1,1990-03-27,2015-06-09,2015-06-10,2016-07-07,,,,,,10.0,,0.4180327868852458,0.5294117647058824,0.54296875,0.9266666666666666,0.6847290640394089,0.4838251366120218,,,,,,,
Logistic_Regression,5D,2,1990-03-27,2016-07-07,2016-07-08,2017-08-04,,,,,,0.001,balanced,0.4991095536278508,0.5110294117647058,0.5989010989010989,0.6449704142011834,0.6210826210826211,0.4681162750617567,,,,,,,
Logistic_Regression,5D,3,1990-03-27,2017-08-04,2017-08-07,2018-09-04,,,,,,0.001,balanced,0.5267015077791795,0.5698529411764706,0.6867469879518072,0.6368715083798883,0.6608695652173913,0.5388658617168258,,,,,,,
Logistic_Regression,5D,4,1990-03-27,2018-09-04,2018-09-05,2019-10-03,,,,,,0.001,,0.4481456806573395,0.5772058823529411,0.5793357933579336,0.9936708860759492,0.7319347319347319,0.4968354430379746,,,,,,,
Logistic_Regression,5D,5,1990-03-27,2019-10-03,2019-10-04,2020-10-30,,,,,,0.001,balanced,0.5114010562286424,0.4264705882352941,0.6593406593406593,0.3243243243243243,0.4347826086956521,0.4840012426219323,,,,,,,
Logistic_Regression,20D,1,1990-03-27,2015-06-09,2015-06-10,2016-07-07,,,,,,100.0,,0.4882847038019451,0.5698529411764706,0.5719557195571956,0.9935897435897436,0.7259953161592506,0.4967948717948718,,,,,,,
Logistic_Regression,20D,2,1990-03-27,2016-07-07,2016-07-08,2017-08-04,,,,,,100.0,,0.6141848523748394,0.6985294117647058,0.6985294117647058,1.0,0.8225108225108225,0.5,,,,,,,
Logistic_Regression,20D,3,1990-03-27,2017-08-04,2017-08-07,2018-09-04,,,,,,100.0,,0.5634920634920635,0.7757352941176471,0.7902621722846442,0.976851851851852,0.8737060041407867,0.4884259259259259,,,,,,,
Logistic_Regression,20D,4,1990-03-27,2018-09-04,2018-09-05,2019-10-03,,,,,,100.0,,0.3131852841320198,0.5551470588235294,0.571969696969697,0.949685534591195,0.7139479905437353,0.4748427672955975,,,,,,,
Logistic_Regression,20D,5,1990-03-27,2019-10-03,2019-10-04,2020-10-30,,,,,,100.0,,0.3178187403993855,0.5992647058823529,0.7416267942583732,0.7380952380952381,0.7398568019093079,0.4335637480798771,,,,,,,
Logistic_Regression,60D,1,1990-03-27,2015-06-09,2015-06-10,2016-07-07,,,,,,0.001,,0.4368512110726644,0.625,0.625,1.0,0.7692307692307693,0.5,,,,,,,
Logistic_Regression,60D,2,1990-03-27,2016-07-07,2016-07-08,2017-08-04,,,,,,0.01,,0.7722435078756917,0.8933823529411765,0.8933823529411765,1.0,0.9436893203883496,0.5,,,,,,,
Logistic_Regression,60D,3,1990-03-27,2017-08-04,2017-08-07,2018-09-04,,,,,,100.0,,0.2798646362098138,0.6727941176470589,0.7093023255813954,0.9289340101522844,0.8043956043956044,0.4644670050761421,,,,,,,
Logistic_Regression,60D,4,1990-03-27,2018-09-04,2018-09-05,2019-10-03,,,,,,100.0,,0.266875,0.6838235294117647,0.7209302325581395,0.93,0.8122270742358079,0.465,,,,,,,
Logistic_Regression,60D,5,1990-03-27,2019-10-03,2019-10-04,2020-10-30,,,,,,100.0,,0.3741349480968858,0.5477941176470589,0.6866359447004609,0.7303921568627451,0.7078384798099763,0.3651960784313725,,,,,,,
Logistic_Regression,120D,1,1990-03-27,2015-06-09,2015-06-10,2016-07-07,,,,,,0.001,,0.4187478849407783,0.7242647058823529,0.7242647058823529,1.0,0.8400852878464818,0.5,,,,,,,
Logistic_Regression,120D,2,1990-03-27,2016-07-07,2016-07-08,2017-08-04,,,,,,0.001,,,1.0,1.0,1.0,1.0,1.0,,,,,,,
Logistic_Regression,120D,3,1990-03-27,2017-08-04,2017-08-07,2018-09-04,,,,,,0.001,,0.4009057971014492,0.6617647058823529,0.6617647058823529,1.0,0.7964601769911505,0.5,,,,,,,
Logistic_Regression,120D,4,1990-03-27,2018-09-04,2018-09-05,2019-10-03,,,,,,0.01,,0.2582735247208931,0.8382352941176471,0.8382352941176471,1.0,0.912,0.5,,,,,,,
Logistic_Regression,120D,5,1990-03-27,2019-10-03,2019-10-04,2020-10-30,,,,,,0.01,,0.4393175884888591,0.5036764705882353,0.6008771929824561,0.7569060773480663,0.6699266503667481,0.3784530386740331,,,,,,,
Elastic_Net,1D,1,1990-03-27,2015-06-09,2015-06-10,2016-07-07,0.0077266384351698,0.0106159110706564,0.0006356687655232,0.5073529411764706,0.001,,,,,,,,,0.7,,,,,,
Elastic_Net,1D,2,1990-03-27,2016-07-07,2016-07-08,2017-08-04,0.0034699546634581,0.0049271783318386,0.0021094269414905,0.5073529411764706,0.001,,,,,,,,,0.3,,,,,,
Elastic_Net,1D,3,1990-03-27,2017-08-04,2017-08-07,2018-09-04,0.0051426720061269,0.0077362544418932,0.0003487786399246,0.5698529411764706,0.001,,,,,,,,,0.3,,,,,,
Elastic_Net,1D,4,1990-03-27,2018-09-04,2018-09-05,2019-10-03,0.0071365253287553,0.0102571537085149,0.0019622624007715,0.5147058823529411,0.001,,,,,,,,,0.3,,,,,,
Elastic_Net,1D,5,1990-03-27,2019-10-03,2019-10-04,2020-10-30,0.012416841981317,0.0208755442976223,0.0035561333934456,0.5625,0.001,,,,,,,,,0.3,,,,,,
Elastic_Net,5D,1,1990-03-27,2015-06-09,2015-06-10,2016-07-07,0.0166280625917293,0.0226695598518796,0.0088192861283391,0.5257352941176471,0.01,,,,,,,,,0.1,,,,,,
Elastic_Net,5D,2,1990-03-27,2016-07-07,2016-07-08,2017-08-04,0.0072258259305407,0.0098081150692335,0.0007666023746589,0.5845588235294118,0.001,,,,,,,,,0.5,,,,,,
Elastic_Net,5D,3,1990-03-27,2017-08-04,2017-08-07,2018-09-04,0.0113219722009433,0.0163240884677036,-0.0084117547569151,0.6360294117647058,0.001,,,,,,,,,0.5,,,,,,
Elastic_Net,5D,4,1990-03-27,2018-09-04,2018-09-05,2019-10-03,0.0168200177352325,0.0223777812906126,-0.0016503172915027,0.5036764705882353,0.001,,,,,,,,,0.5,,,,,,
Elastic_Net,5D,5,1990-03-27,2019-10-03,2019-10-04,2020-10-30,0.0258628033303031,0.0400794877759395,-0.0201656994754686,0.6397058823529411,0.001,,,,,,,,,0.7,,,,,,
Elastic_Net,20D,1,1990-03-27,2015-06-09,2015-06-10,2016-07-07,0.0315613364159432,0.040664001211969,-0.0066725879455116,0.5735294117647058,100.0,,,,,,,,,0.1,,,,,,
Elastic_Net,20D,2,1990-03-27,2016-07-07,2016-07-08,2017-08-04,0.0138499117481711,0.0169206205860796,0.0258057166568485,0.6507352941176471,0.001,,,,,,,,,0.3,,,,,,
Elastic_Net,20D,3,1990-03-27,2017-08-04,2017-08-07,2018-09-04,0.0217720404615209,0.026250254949807,-0.0896034478237284,0.6985294117647058,0.001,,,,,,,,,0.3,,,,,,
Elastic_Net,20D,4,1990-03-27,2018-09-04,2018-09-05,2019-10-03,0.0375216931605062,0.0452643361431364,-0.1179613665472978,0.3970588235294117,0.001,,,,,,,,,0.1,,,,,,
Elastic_Net,20D,5,1990-03-27,2019-10-03,2019-10-04,2020-10-30,0.0561374608550166,0.0868625165820221,-0.0061846511328167,0.7720588235294118,100.0,,,,,,,,,0.1,,,,,,
Elastic_Net,60D,1,1990-03-27,2015-06-09,2015-06-10,2016-07-07,0.0489755850570251,0.0574323361882385,0.0309201967956413,0.5514705882352942,0.001,,,,,,,,,0.7,,,,,,
Elastic_Net,60D,2,1990-03-27,2016-07-07,2016-07-08,2017-08-04,0.0261436768676378,0.0313644825083566,-0.5894672869308522,0.875,0.001,,,,,,,,,0.9,,,,,,
Elastic_Net,60D,3,1990-03-27,2017-08-04,2017-08-07,2018-09-04,0.0470071292503057,0.0532699761306539,-0.394154154844474,0.5183823529411765,0.001,,,,,,,,,0.7,,,,,,
Elastic_Net,60D,4,1990-03-27,2018-09-04,2018-09-05,2019-10-03,0.0452739196237032,0.0636770665998688,-0.0045148272224913,0.7352941176470589,100.0,,,,,,,,,0.1,,,,,,
Elastic_Net,60D,5,1990-03-27,2019-10-03,2019-10-04,2020-10-30,0.1041583882028307,0.1267714593428372,-0.0278106393354216,0.75,100.0,,,,,,,,,0.1,,,,,,
Elastic_Net,120D,1,1990-03-27,2015-06-09,2015-06-10,2016-07-07,0.0464890931170708,0.0618707732930921,-0.010398112006172,0.7242647058823529,100.0,,,,,,,,,0.1,,,,,,
Elastic_Net,120D,2,1990-03-27,2016-07-07,2016-07-08,2017-08-04,0.0436576359044214,0.0494109332068782,-3.244879471891797,1.0,100.0,,,,,,,,,0.1,,,,,,
Elastic_Net,120D,3,1990-03-27,2017-08-04,2017-08-07,2018-09-04,0.0460407494477842,0.0597634977080963,-0.0492069704236415,0.6617647058823529,100.0,,,,,,,,,0.1,,,,,,
Elastic_Net,120D,4,1990-03-27,2018-09-04,2018-09-05,2019-10-03,0.0578311565306426,0.0768914248309547,-0.0711373170436375,0.8382352941176471,100.0,,,,,,,,,0.1,,,,,,
Elastic_Net,120D,5,1990-03-27,2019-10-03,2019-10-04,2020-10-30,0.1205882442970186,0.1333512431893553,-0.2519055121093028,0.6654411764705882,100.0,,,,,,,,,0.1,,,,,,
ARIMA,1D,1,1990-03-27,2015-06-09,2015-06-10,2016-07-07,0.0077198098465783,0.0106367442666938,-0.0032905853159928,0.5110294117647058,,,,,,,,,,,"(1, 0, 1)",,,,,
ARIMA,1D,2,1990-03-27,2016-07-07,2016-07-08,2017-08-04,0.0034556401116646,0.0049152491581313,0.0069355561409539,0.5147058823529411,,,,,,,,,,,"(1, 0, 1)",,,,,
ARIMA,1D,3,1990-03-27,2017-08-04,2017-08-07,2018-09-04,0.0051388020603068,0.00772202002791,0.0040240348268911,0.5514705882352942,,,,,,,,,,,"(1, 0, 1)",,,,,
ARIMA,1D,4,1990-03-27,2018-09-04,2018-09-05,2019-10-03,0.0071604306459323,0.0102763040515451,-0.0017679355786686,0.4742647058823529,,,,,,,,,,,"(1, 0, 1)",,,,,
ARIMA,1D,5,1990-03-27,2019-10-03,2019-10-04,2020-10-30,0.0123072805435652,0.0206745728941955,0.0226495540543109,0.5845588235294118,,,,,,,,,,,"(1, 0, 1)",,,,,
ARIMA,5D,1,1990-03-27,2015-06-09,2015-06-10,2016-07-07,0.0107179109962429,0.0141093037736234,0.6160472036848315,0.7720588235294118,,,,,,,,,,,"(1, 0, 1)",,,,,
ARIMA,5D,2,1990-03-27,2016-07-07,2016-07-08,2017-08-04,0.0050110692874602,0.006686483241352,0.5356009129376019,0.7132352941176471,,,,,,,,,,,"(1, 0, 1)",,,,,
ARIMA,5D,3,1990-03-27,2017-08-04,2017-08-07,2018-09-04,0.0072337726037897,0.0105892889465876,0.575660346100365,0.8088235294117647,,,,,,,,,,,"(1, 0, 1)",,,,,
ARIMA,5D,4,1990-03-27,2018-09-04,2018-09-05,2019-10-03,0.0101590374332588,0.0138886629982709,0.6141638075273155,0.8345588235294118,,,,,,,,,,,"(1, 0, 1)",,,,,
ARIMA,5D,5,1990-03-27,2019-10-03,2019-10-04,2020-10-30,0.0158397672992368,0.0258364252496069,0.5760728410834239,0.8419117647058824,,,,,,,,,,,"(1, 0, 1)",,,,,
ARIMA,20D,1,1990-03-27,2015-06-09,2015-06-10,2016-07-07,0.010456263874218,0.0139558065238284,0.8814291581211371,0.8860294117647058,,,,,,,,,,,"(1, 0, 0)",,,,,
ARIMA,20D,2,1990-03-27,2016-07-07,2016-07-08,2017-08-04,0.0051180214670827,0.0066878822400033,0.8478085562181871,0.9080882352941176,,,,,,,,,,,"(1, 0, 0)",,,,,
ARIMA,20D,3,1990-03-27,2017-08-04,2017-08-07,2018-09-04,0.0075298714792283,0.0110410301659825,0.8072383610596711,0.9227941176470588,,,,,,,,,,,"(1, 0, 0)",,,,,
ARIMA,20D,4,1990-03-27,2018-09-04,2018-09-05,2019-10-03,0.0110597090051349,0.0148322077770174,0.8799599724016668,0.9485294117647058,,,,,,,,,,,"(1, 0, 0)",,,,,
ARIMA,20D,5,1990-03-27,2019-10-03,2019-10-04,2020-10-30,0.018259134880482,0.0306262889455968,0.874916039406944,0.9264705882352942,,,,,,,,,,,"(1, 0, 0)",,,,,
ARIMA,60D,1,1990-03-27,2015-06-09,2015-06-10,2016-07-07,0.0108614302505016,0.0138997212588362,0.9432378601177944,0.9595588235294118,,,,,,,,,,,"(1, 0, 1)",,,,,
ARIMA,60D,2,1990-03-27,2016-07-07,2016-07-08,2017-08-04,0.0052068861307875,0.0068867375583914,0.9233693679772658,0.9779411764705882,,,,,,,,,,,"(1, 0, 1)",,,,,
ARIMA,60D,3,1990-03-27,2017-08-04,2017-08-07,2018-09-04,0.0088630143848133,0.0120045971514471,0.9291987420066652,0.9411764705882352,,,,,,,,,,,"(1, 0, 1)",,,,,
ARIMA,60D,4,1990-03-27,2018-09-04,2018-09-05,2019-10-03,0.01022619344586,0.0135233554829688,0.9546936388096166,0.9448529411764706,,,,,,,,,,,"(1, 0, 1)",,,,,
ARIMA,60D,5,1990-03-27,2019-10-03,2019-10-04,2020-10-30,0.020564463770734,0.0300831553542129,0.9421215486333844,0.9632352941176472,,,,,,,,,,,"(1, 0, 1)",,,,,
ARIMA,120D,1,1990-03-27,2015-06-09,2015-06-10,2016-07-07,0.0105311336460276,0.0138313065644027,0.9495050609197144,0.9375,,,,,,,,,,,"(1, 0, 1)",,,,,
ARIMA,120D,2,1990-03-27,2016-07-07,2016-07-08,2017-08-04,0.0051555604359523,0.0068773441957265,0.9177642284232088,1.0,,,,,,,,,,,"(1, 0, 1)",,,,,
ARIMA,120D,3,1990-03-27,2017-08-04,2017-08-07,2018-09-04,0.0094511405201557,0.012781420234393,0.95201037223842,0.9522058823529412,,,,,,,,,,,"(1, 0, 1)",,,,,
ARIMA,120D,4,1990-03-27,2018-09-04,2018-09-05,2019-10-03,0.0126394585252688,0.0208791045600405,0.9210207380628572,0.9669117647058824,,,,,,,,,,,"(1, 0, 1)",,,,,
ARIMA,120D,5,1990-03-27,2019-10-03,2019-10-04,2020-10-30,0.0164542429908829,0.0232859171451583,0.9618263128765676,0.9779411764705882,,,,,,,,,,,"(1, 0, 1)",,,,,
ARIMAX,1D,1,1990-03-27,2015-06-09,2015-06-10,2016-07-07,0.0077334276829251,0.0106203197713983,-0.0001945592018921,0.5367647058823529,,,,,,,,,,,"(1, 0, 1)",,,,,
ARIMAX,1D,2,1990-03-27,2016-07-07,2016-07-08,2017-08-04,0.0035475831712071,0.0050265747391103,-0.0385577389340801,0.5441176470588235,,,,,,,,,,,"(1, 0, 1)",,,,,
ARIMAX,1D,3,1990-03-27,2017-08-04,2017-08-07,2018-09-04,0.0051902073138242,0.0077305944805957,0.0018109636111076,0.4963235294117647,,,,,,,,,,,"(1, 0, 1)",,,,,
ARIMAX,1D,4,1990-03-27,2018-09-04,2018-09-05,2019-10-03,0.0072274835250488,0.0102997993304958,-0.006353966457391,0.4558823529411764,,,,,,,,,,,"(1, 0, 1)",,,,,
ARIMAX,1D,5,1990-03-27,2019-10-03,2019-10-04,2020-10-30,0.0121875877642229,0.020416326406275,0.0469132688623431,0.5698529411764706,,,,,,,,,,,"(1, 0, 1)",,,,,
ARIMAX,5D,1,1990-03-27,2015-06-09,2015-06-10,2016-07-07,0.0084899716354934,0.0112597617606749,0.755473985034663,0.8198529411764706,,,,,,,,,,,"(1, 0, 1)",,,,,
ARIMAX,5D,2,1990-03-27,2016-07-07,2016-07-08,2017-08-04,0.004085731555816,0.0056118120721961,0.6728837835299162,0.7720588235294118,,,,,,,,,,,"(1, 0, 1)",,,,,
ARIMAX,5D,3,1990-03-27,2017-08-04,2017-08-07,2018-09-04,0.0058662882062807,0.0084180411223154,0.7318349929972274,0.8308823529411765,,,,,,,,,,,"(1, 0, 1)",,,,,
ARIMAX,5D,4,1990-03-27,2018-09-04,2018-09-05,2019-10-03,0.0082441836927941,0.011220813995909,0.7481564633483837,0.8455882352941176,,,,,,,,,,,"(1, 0, 1)",,,,,
ARIMAX,5D,5,1990-03-27,2019-10-03,2019-10-04,2020-10-30,0.0147442723760737,0.0245733895443033,0.6165078107972154,0.8529411764705882,,,,,,,,,,,"(1, 0, 1)",,,,,
ARIMAX,20D,1,1990-03-27,2015-06-09,2015-06-10,2016-07-07,0.0078457961988505,0.0105515113754588,0.9322206551807252,0.9154411764705882,,,,,,,,,,,"(1, 0, 1)",,,,,
ARIMAX,20D,2,1990-03-27,2016-07-07,2016-07-08,2017-08-04,0.0042599727143605,0.0057585605894779,0.8871657663754899,0.9264705882352942,,,,,,,,,,,"(1, 0, 1)",,,,,
ARIMAX,20D,3,1990-03-27,2017-08-04,2017-08-07,2018-09-04,0.0059446219830112,0.0083234733733346,0.890450447854029,0.9558823529411764,,,,,,,,,,,"(1, 0, 1)",,,,,
ARIMAX,20D,4,1990-03-27,2018-09-04,2018-09-05,2019-10-03,0.008217335443501,0.011291553768875,0.9304300166964612,0.9522058823529412,,,,,,,,,,,"(1, 0, 1)",,,,,
ARIMAX,20D,5,1990-03-27,2019-10-03,2019-10-04,2020-10-30,0.0147353957854687,0.024330779519374,0.921054947223349,0.9301470588235294,,,,,,,,,,,"(1, 0, 1)",,,,,
ARIMAX,60D,1,1990-03-27,2015-06-09,2015-06-10,2016-07-07,0.0075092631637114,0.0099179089390938,0.9711007341356462,0.9705882352941176,,,,,,,,,,,"(1, 0, 1)",,,,,
ARIMAX,60D,2,1990-03-27,2016-07-07,2016-07-08,2017-08-04,0.0038228412568919,0.0051364021824756,0.957372154312415,0.9889705882352942,,,,,,,,,,,"(1, 0, 1)",,,,,
ARIMAX,60D,3,1990-03-27,2017-08-04,2017-08-07,2018-09-04,0.007277199754684,0.0101712248952385,0.9491732539192548,0.9558823529411764,,,,,,,,,,,"(1, 0, 1)",,,,,
ARIMAX,60D,4,1990-03-27,2018-09-04,2018-09-05,2019-10-03,0.0071911219792058,0.0099696626542315,0.9753764207976224,0.9558823529411764,,,,,,,,,,,"(1, 0, 1)",,,,,
ARIMAX,60D,5,1990-03-27,2019-10-03,2019-10-04,2020-10-30,0.0161408475060338,0.0247925871942521,0.9606890238633198,0.9816176470588236,,,,,,,,,,,"(1, 0, 1)",,,,,
ARIMAX,120D,1,1990-03-27,2015-06-09,2015-06-10,2016-07-07,0.0068096456921777,0.0091336158116081,0.9779805271536086,0.9669117647058824,,,,,,,,,,,"(1, 0, 1)",,,,,
ARIMAX,120D,2,1990-03-27,2016-07-07,2016-07-08,2017-08-04,0.0040459589193139,0.0054185302598949,0.9489515856271248,1.0,,,,,,,,,,,"(1, 0, 1)",,,,,
ARIMAX,120D,3,1990-03-27,2017-08-04,2017-08-07,2018-09-04,0.0081192907862796,0.0112927005145854,0.9625385335080692,0.9522058823529412,,,,,,,,,,,"(1, 0, 1)",,,,,
ARIMAX,120D,4,1990-03-27,2018-09-04,2018-09-05,2019-10-03,0.0097977512933429,0.018198130388763,0.9400011567643468,0.9669117647058824,,,,,,,,,,,"(1, 0, 1)",,,,,
ARIMAX,120D,5,1990-03-27,2019-10-03,2019-10-04,2020-10-30,0.0115287961933158,0.0161893356165097,0.9815483390107608,0.9852941176470588,,,,,,,,,,,"(1, 0, 1)",,,,,
SARIMA,1D,1,1990-03-27,2015-06-09,2015-06-10,2016-07-07,0.0077695637540526,0.0106699056744202,-0.009556109783088,0.4816176470588235,,,,,,,,,,,"(1, 0, 0)","(1, 0, 0, 5)",,,,
SARIMA,1D,2,1990-03-27,2016-07-07,2016-07-08,2017-08-04,0.003449535037669,0.0049000739927536,0.0130579940964089,0.5257352941176471,,,,,,,,,,,"(1, 0, 0)","(1, 0, 0, 5)",,,,
SARIMA,1D,3,1990-03-27,2017-08-04,2017-08-07,2018-09-04,0.0051208784135335,0.0077166786531279,0.0054014052521146,0.5698529411764706,,,,,,,,,,,"(1, 0, 0)","(1, 0, 0, 5)",,,,
SARIMA,1D,4,1990-03-27,2018-09-04,2018-09-05,2019-10-03,0.0071403450458288,0.0102646931384471,0.0004945255871163,0.5330882352941176,,,,,,,,,,,"(1, 0, 0)","(1, 0, 0, 5)",,,,
SARIMA,1D,5,1990-03-27,2019-10-03,2019-10-04,2020-10-30,0.0123270501685683,0.0206922941810171,0.0209733568648429,0.5845588235294118,,,,,,,,,,,"(1, 0, 0)","(1, 0, 0, 5)",,,,
SARIMA,5D,1,1990-03-27,2015-06-09,2015-06-10,2016-07-07,0.009450600439397,0.0127119046436837,0.6883350817086047,0.8198529411764706,,,,,,,,,,,"(1, 0, 0)","(1, 0, 0, 5)",,,,
SARIMA,5D,2,1990-03-27,2016-07-07,2016-07-08,2017-08-04,0.0043575887064492,0.005911186994208,0.6370513106593527,0.7647058823529411,,,,,,,,,,,"(1, 0, 0)","(1, 0, 0, 5)",,,,
SARIMA,5D,3,1990-03-27,2017-08-04,2017-08-07,2018-09-04,0.0063564052326569,0.0093276015614347,0.6707543900870819,0.8161764705882353,,,,,,,,,,,"(1, 0, 0)","(1, 0, 0, 5)",,,,
SARIMA,5D,4,1990-03-27,2018-09-04,2018-09-05,2019-10-03,0.009040055760143,0.0122094221616366,0.7018242612213969,0.8345588235294118,,,,,,,,,,,"(1, 0, 0)","(1, 0, 0, 5)",,,,
SARIMA,5D,5,1990-03-27,2019-10-03,2019-10-04,2020-10-30,0.015074359716737,0.0249187695085264,0.6056520583182167,0.8676470588235294,,,,,,,,,,,"(1, 0, 0)","(1, 0, 0, 5)",,,,
SARIMA,20D,1,1990-03-27,2015-06-09,2015-06-10,2016-07-07,0.0104398168696428,0.0139545406916971,0.8814506665842128,0.8860294117647058,,,,,,,,,,,"(1, 0, 0)","(1, 0, 0, 5)",,,,
SARIMA,20D,2,1990-03-27,2016-07-07,2016-07-08,2017-08-04,0.005114645513845,0.0066857194585888,0.8479069741004256,0.9080882352941176,,,,,,,,,,,"(1, 0, 0)","(1, 0, 0, 5)",,,,
SARIMA,20D,3,1990-03-27,2017-08-04,2017-08-07,2018-09-04,0.0075337639613184,0.0110413947953005,0.8072256289677407,0.9227941176470588,,,,,,,,,,,"(1, 0, 0)","(1, 0, 0, 5)",,,,
SARIMA,20D,4,1990-03-27,2018-09-04,2018-09-05,2019-10-03,0.0110626753912495,0.0148315685474791,0.8799703190040169,0.9485294117647058,,,,,,,,,,,"(1, 0, 0)","(1, 0, 0, 5)",,,,
SARIMA,20D,5,1990-03-27,2019-10-03,2019-10-04,2020-10-30,0.0182512360112069,0.0305776631332013,0.8753129194028253,0.9264705882352942,,,,,,,,,,,"(1, 0, 0)","(1, 0, 0, 5)",,,,
SARIMA,60D,1,1990-03-27,2015-06-09,2015-06-10,2016-07-07,0.0108800154458065,0.0139070802631083,0.9431777404365318,0.9595588235294118,,,,,,,,,,,"(1, 0, 0)","(1, 0, 0, 5)",,,,
SARIMA,60D,2,1990-03-27,2016-07-07,2016-07-08,2017-08-04,0.0052101490938799,0.006894489355304,0.923196758112963,0.9779411764705882,,,,,,,,,,,"(1, 0, 0)","(1, 0, 0, 5)",,,,
SARIMA,60D,3,1990-03-27,2017-08-04,2017-08-07,2018-09-04,0.0088568303482789,0.0120163747494169,0.9290597489538724,0.9411764705882352,,,,,,,,,,,"(1, 0, 0)","(1, 0, 0, 5)",,,,
SARIMA,60D,4,1990-03-27,2018-09-04,2018-09-05,2019-10-03,0.0101949193959932,0.0135120038851405,0.9547696678304658,0.9485294117647058,,,,,,,,,,,"(1, 0, 0)","(1, 0, 0, 5)",,,,
SARIMA,60D,5,1990-03-27,2019-10-03,2019-10-04,2020-10-30,0.020826135581362,0.0306712757044493,0.9398364008336108,0.9595588235294118,,,,,,,,,,,"(1, 0, 0)","(1, 0, 0, 5)",,,,
SARIMA,120D,1,1990-03-27,2015-06-09,2015-06-10,2016-07-07,0.0105335442724228,0.0137790339193679,0.949886010655255,0.9448529411764706,,,,,,,,,,,"(1, 0, 0)","(1, 0, 0, 5)",,,,
SARIMA,120D,2,1990-03-27,2016-07-07,2016-07-08,2017-08-04,0.005190942801684,0.0069321421831587,0.9164485147582844,1.0,,,,,,,,,,,"(1, 0, 0)","(1, 0, 0, 5)",,,,
SARIMA,120D,3,1990-03-27,2017-08-04,2017-08-07,2018-09-04,0.0094483594428512,0.0127853104041481,0.9519811554213022,0.9522058823529412,,,,,,,,,,,"(1, 0, 0)","(1, 0, 0, 5)",,,,
SARIMA,120D,4,1990-03-27,2018-09-04,2018-09-05,2019-10-03,0.0127016082934488,0.0211820239899631,0.9187124107807196,0.9669117647058824,,,,,,,,,,,"(1, 0, 0)","(1, 0, 0, 5)",,,,
SARIMA,120D,5,1990-03-27,2019-10-03,2019-10-04,2020-10-30,0.0167504020084786,0.0236903188378136,0.960488890472061,0.9816176470588236,,,,,,,,,,,"(1, 0, 0)","(1, 0, 0, 5)",,,,
LightGBM,1D,1,1990-03-27,2015-06-09,2015-06-10,2016-07-07,0.0076983746445676,0.0106353482472103,-0.0030272488555447,0.5514705882352942,,,,,,,,,,,,,"{'n_estimators': 400, 'learning_rate': 0.11049890000613266, 'num_leaves': 49, 'max_depth': 10, 'min_child_samples': 34, 'subsample': 0.7840602059905246, 'colsample_bytree': 0.7428464775168512, 'reg_alpha': 0.44766655633145197, 'reg_lambda': 1.1488808987955952}",0.008778,,
LightGBM,1D,2,1990-03-27,2016-07-07,2016-07-08,2017-08-04,0.0034746407136234,0.0049351276808168,-0.0011130987947309,0.5220588235294118,,,,,,,,,,,,,"{'n_estimators': 400, 'learning_rate': 0.165733299290735, 'num_leaves': 30, 'max_depth': 9, 'min_child_samples': 5, 'subsample': 0.6845692314699523, 'colsample_bytree': 0.688110778739281, 'reg_alpha': 0.4965633317958376, 'reg_lambda': 0.20238896974979587}",0.00829,,
LightGBM,1D,3,1990-03-27,2017-08-04,2017-08-07,2018-09-04,0.0051369744014843,0.0077626215703475,-0.0064769662058439,0.5294117647058824,,,,,,,,,,,,,"{'n_estimators': 600, 'learning_rate': 0.1969736343909609, 'num_leaves': 72, 'max_depth': 6, 'min_child_samples': 27, 'subsample': 0.6121469995581234, 'colsample_bytree': 0.7974379566652847, 'reg_alpha': 0.4378329885291274, 'reg_lambda': 0.1387268048826412}",0.007695,,
LightGBM,1D,4,1990-03-27,2018-09-04,2018-09-05,2019-10-03,0.007189635475214,0.0103252304873867,-0.0113296635975268,0.5330882352941176,,,,,,,,,,,,,"{'n_estimators': 700, 'learning_rate': 0.010438976266606979, 'num_leaves': 26, 'max_depth': 6, 'min_child_samples': 19, 'subsample': 0.9108722672825401, 'colsample_bytree': 0.8346201924133981, 'reg_alpha': 0.49362649027987576, 'reg_lambda': 0.07709027767066044}",0.007911,,
LightGBM,1D,5,1990-03-27,2019-10-03,2019-10-04,2020-10-30,0.0130750642483046,0.0219552315851302,-0.1021818813684898,0.5477941176470589,,,,,,,,,,,,,"{'n_estimators': 500, 'learning_rate': 0.017709597800863956, 'num_leaves': 56, 'max_depth': 2, 'min_child_samples': 22, 'subsample': 0.8439440638588244, 'colsample_bytree': 0.962726780479557, 'reg_alpha': 0.03669978237679096, 'reg_lambda': 3.5016679319694397}",0.008612,,
LightGBM,5D,1,1990-03-27,2015-06-09,2015-06-10,2016-07-07,0.0169614232828673,0.0229734234055114,-0.0179304376637621,0.4742647058823529,,,,,,,,,,,,,"{'n_estimators': 400, 'learning_rate': 0.012813524490012105, 'num_leaves': 56, 'max_depth': 4, 'min_child_samples': 12, 'subsample': 0.8771181565302264, 'colsample_bytree': 0.9981310141921663, 'reg_alpha': 0.06079759997294344, 'reg_lambda': 35.29602406691944}",0.018233,,
LightGBM,5D,2,1990-03-27,2016-07-07,2016-07-08,2017-08-04,0.0071169813875772,0.009701402784441,0.0223916360099152,0.5735294117647058,,,,,,,,,,,,,"{'n_estimators': 700, 'learning_rate': 0.01891151745738583, 'num_leaves': 38, 'max_depth': 2, 'min_child_samples': 25, 'subsample': 0.8767269828137504, 'colsample_bytree': 0.8496972384669649, 'reg_alpha': 2.3994701946377655, 'reg_lambda': 1.8252664137017665}",0.01765,,
LightGBM,5D,3,1990-03-27,2017-08-04,2017-08-07,2018-09-04,0.0114001958217351,0.0164815290865643,-0.0279571755949794,0.6580882352941176,,,,,,,,,,,,,"{'n_estimators': 700, 'learning_rate': 0.01856786445475378, 'num_leaves': 47, 'max_depth': 2, 'min_child_samples': 21, 'subsample': 0.8869388025853903, 'colsample_bytree': 0.9036797616631768, 'reg_alpha': 2.289594345010578, 'reg_lambda': 2.0406160748569206}",0.016512,,
LightGBM,5D,4,1990-03-27,2018-09-04,2018-09-05,2019-10-03,0.0168274559386686,0.0224241117841416,-0.0058022028548274,0.5808823529411765,,,,,,,,,,,,,"{'n_estimators': 700, 'learning_rate': 0.04907064520638971, 'num_leaves': 46, 'max_depth': 10, 'min_child_samples': 11, 'subsample': 0.871448233908503, 'colsample_bytree': 0.9431333737481905, 'reg_alpha': 2.426358973965887, 'reg_lambda': 21.49083183876834}",0.016865,,
LightGBM,5D,5,1990-03-27,2019-10-03,2019-10-04,2020-10-30,0.0277224195611494,0.0422571846408222,-0.1340377469399643,0.6397058823529411,,,,,,,,,,,,,"{'n_estimators': 700, 'learning_rate': 0.02227737178630318, 'num_leaves': 124, 'max_depth': 1, 'min_child_samples': 8, 'subsample': 0.6913746110176157, 'colsample_bytree': 0.9987641425011361, 'reg_alpha': 0.026558164657312713, 'reg_lambda': 0.0030205689578760905}",0.018318,,
LightGBM,20D,1,1990-03-27,2015-06-09,2015-06-10,2016-07-07,0.037482256380492,0.0487376793269987,-0.4460979678340526,0.3602941176470588,,,,,,,,,,,,,"{'n_estimators': 400, 'learning_rate': 0.011134673727032902, 'num_leaves': 28, 'max_depth': 5, 'min_child_samples': 25, 'subsample': 0.9650160104153183, 'colsample_bytree': 0.8001475633357892, 'reg_alpha': 0.8386189259978397, 'reg_lambda': 0.024108454870645016}",0.029464,,
LightGBM,20D,2,1990-03-27,2016-07-07,2016-07-08,2017-08-04,0.0142057716089535,0.0175382158668795,-0.0466074566687217,0.6985294117647058,,,,,,,,,,,,,"{'n_estimators': 900, 'learning_rate': 0.10177869850495169, 'num_leaves': 32, 'max_depth': 7, 'min_child_samples': 35, 'subsample': 0.7579133537718414, 'colsample_bytree': 0.9060140859477831, 'reg_alpha': 8.126418990015443, 'reg_lambda': 1.7706866414426934}",0.031143,,
LightGBM,20D,3,1990-03-27,2017-08-04,2017-08-07,2018-09-04,0.0207901461417485,0.0260169833663947,-0.0703240791564066,0.7941176470588235,,,,,,,,,,,,,"{'n_estimators': 900, 'learning_rate': 0.10177869850495169, 'num_leaves': 32, 'max_depth': 7, 'min_child_samples': 35, 'subsample': 0.7579133537718414, 'colsample_bytree': 0.9060140859477831, 'reg_alpha': 8.126418990015443, 'reg_lambda': 1.7706866414426934}",0.028748,,
LightGBM,20D,4,1990-03-27,2018-09-04,2018-09-05,2019-10-03,0.034721590901293,0.042987754551355,-0.008333059428897,0.5845588235294118,,,,,,,,,,,,,"{'n_estimators': 600, 'learning_rate': 0.06028678008705474, 'num_leaves': 8, 'max_depth': 7, 'min_child_samples': 10, 'subsample': 0.6892516865568443, 'colsample_bytree': 0.9202322459304487, 'reg_alpha': 7.6026855684463985, 'reg_lambda': 18.837447804130463}",0.028828,,
LightGBM,20D,5,1990-03-27,2019-10-03,2019-10-04,2020-10-30,0.0561374608522326,0.0868625165815509,-0.0061846511219008,0.7720588235294118,,,,,,,,,,,,,"{'n_estimators': 900, 'learning_rate': 0.10177869850495169, 'num_leaves': 32, 'max_depth': 7, 'min_child_samples': 35, 'subsample': 0.7579133537718414, 'colsample_bytree': 0.9060140859477831, 'reg_alpha': 8.126418990015443, 'reg_lambda': 1.7706866414426934}",0.033148,,
LightGBM,60D,1,1990-03-27,2015-06-09,2015-06-10,2016-07-07,0.0705808100073477,0.0913018092213142,-1.449093380168626,0.4485294117647059,,,,,,,,,,,,,"{'n_estimators': 200, 'learning_rate': 0.01154477384553991, 'num_leaves': 29, 'max_depth': 8, 'min_child_samples': 11, 'subsample': 0.7650587329239892, 'colsample_bytree': 0.9576168386686229, 'reg_alpha': 2.3750193002303908, 'reg_lambda': 29.65763827733201}",0.045196,,
LightGBM,60D,2,1990-03-27,2016-07-07,2016-07-08,2017-08-04,0.0227301157672179,0.0274804399127512,-0.2201766300882794,0.8933823529411765,,,,,,,,,,,,,"{'n_estimators': 800, 'learning_rate': 0.03792111591542901, 'num_leaves': 13, 'max_depth': 2, 'min_child_samples': 8, 'subsample': 0.6566363569879685, 'colsample_bytree': 0.9381751464075414, 'reg_alpha': 8.056272616412961, 'reg_lambda': 3.915869667236098}",0.05008,,
LightGBM,60D,3,1990-03-27,2017-08-04,2017-08-07,2018-09-04,0.0477369319397699,0.0545093924332593,-0.4597835848225031,0.5404411764705882,,,,,,,,,,,,,"{'n_estimators': 300, 'learning_rate': 0.06664914771969109, 'num_leaves': 28, 'max_depth': 7, 'min_child_samples': 7, 'subsample': 0.6346365347775103, 'colsample_bytree': 0.9597834649399098, 'reg_alpha': 9.707417607870003, 'reg_lambda': 7.862414001043669}",0.047871,,
LightGBM,60D,4,1990-03-27,2018-09-04,2018-09-05,2019-10-03,0.0535435437154141,0.0725254787132299,-0.3030811502036803,0.5477941176470589,,,,,,,,,,,,,"{'n_estimators': 700, 'learning_rate': 0.0920005366021435, 'num_leaves': 30, 'max_depth': 7, 'min_child_samples': 10, 'subsample': 0.6286841848378677, 'colsample_bytree': 0.9751650458273082, 'reg_alpha': 9.728822668045288, 'reg_lambda': 12.453069977180352}",0.053211,,
LightGBM,60D,5,1990-03-27,2019-10-03,2019-10-04,2020-10-30,0.0989253847018021,0.1241870893049127,0.0136682215285243,0.7426470588235294,,,,,,,,,,,,,"{'n_estimators': 700, 'learning_rate': 0.041743971025763715, 'num_leaves': 12, 'max_depth': 5, 'min_child_samples': 20, 'subsample': 0.6017148426091806, 'colsample_bytree': 0.7586408931727296, 'reg_alpha': 9.441872300725256, 'reg_lambda': 0.7468611502423925}",0.063533,,
LightGBM,120D,1,1990-03-27,2015-06-09,2015-06-10,2016-07-07,0.0941710563942132,0.1233758557827154,-3.0177396787858086,0.4375,,,,,,,,,,,,,"{'n_estimators': 100, 'learning_rate': 0.012810332257584225, 'num_leaves': 22, 'max_depth': 11, 'min_child_samples': 12, 'subsample': 0.6186429836856311, 'colsample_bytree': 0.9986729549706543, 'reg_alpha': 1.8944832669215285e-07, 'reg_lambda': 23.67792478828023}",0.056935,,
LightGBM,120D,2,1990-03-27,2016-07-07,2016-07-08,2017-08-04,0.0365858058370095,0.0434958383166539,-2.2893846549273755,1.0,,,,,,,,,,,,,"{'n_estimators': 600, 'learning_rate': 0.056608710147619944, 'num_leaves': 7, 'max_depth': 1, 'min_child_samples': 5, 'subsample': 0.6628601831216637, 'colsample_bytree': 0.6971592734655775, 'reg_alpha': 3.328753294660225e-08, 'reg_lambda': 28.371002381003297}",0.070184,,
LightGBM,120D,3,1990-03-27,2017-08-04,2017-08-07,2018-09-04,0.0721055500065686,0.0860620224773103,-1.17576631593843,0.4522058823529412,,,,,,,,,,,,,"{'n_estimators': 600, 'learning_rate': 0.15826541904647565, 'num_leaves': 17, 'max_depth': 1, 'min_child_samples': 9, 'subsample': 0.7301321323053057, 'colsample_bytree': 0.7554709158757928, 'reg_alpha': 2.7678419414850017e-06, 'reg_lambda': 13.921548533046511}",0.068647,,
LightGBM,120D,4,1990-03-27,2018-09-04,2018-09-05,2019-10-03,0.0837112523569272,0.1034862426400201,-0.9402360537360784,0.5036764705882353,,,,,,,,,,,,,"{'n_estimators': 600, 'learning_rate': 0.056608710147619944, 'num_leaves': 7, 'max_depth': 1, 'min_child_samples': 5, 'subsample': 0.6628601831216637, 'colsample_bytree': 0.6971592734655775, 'reg_alpha': 3.328753294660225e-08, 'reg_lambda': 28.371002381003297}",0.072219,,
LightGBM,120D,5,1990-03-27,2019-10-03,2019-10-04,2020-10-30,0.1173654164996005,0.1441968503634174,-0.46382433492522,0.5257352941176471,,,,,,,,,,,,,"{'n_estimators': 600, 'learning_rate': 0.15826541904647565, 'num_leaves': 17, 'max_depth': 1, 'min_child_samples': 9, 'subsample': 0.7301321323053057, 'colsample_bytree': 0.7554709158757928, 'reg_alpha': 2.7678419414850017e-06, 'reg_lambda': 13.921548533046511}",0.096096,,
SVR,1D,1,1990-03-27,2015-06-09,2015-06-10,2016-07-07,0.0078437478086045,0.0108575807889832,-0.0453830167238973,0.4963235294117647,,,,,,,,,,,,,"{'C': 0.1, 'epsilon': 0.01, 'gamma': 0.001, 'kernel': 'rbf'}",0.01249,,
SVR,1D,2,1990-03-27,2016-07-07,2016-07-08,2017-08-04,0.0035637873235409,0.0050366141213049,-0.0427104237397693,0.4926470588235294,,,,,,,,,,,,,"{'C': 0.1, 'epsilon': 0.01, 'gamma': 0.001, 'kernel': 'rbf'}",0.012463,,
SVR,1D,3,1990-03-27,2017-08-04,2017-08-07,2018-09-04,0.0052082027862951,0.0077686008984233,-0.0080280849088121,0.4889705882352941,,,,,,,,,,,,,"{'C': 0.1, 'epsilon': 0.01, 'gamma': 0.001, 'kernel': 'rbf'}",0.012243,,
SVR,1D,4,1990-03-27,2018-09-04,2018-09-05,2019-10-03,0.0071785718779417,0.010279439937845,-0.002379421895899,0.5073529411764706,,,,,,,,,,,,,"{'C': 0.1, 'epsilon': 0.01, 'gamma': 0.001, 'kernel': 'rbf'}",0.012071,,
SVR,1D,5,1990-03-27,2019-10-03,2019-10-04,2020-10-30,0.0123489490913533,0.0204279036370289,0.0458320524592393,0.5625,,,,,,,,,,,,,"{'C': 0.1, 'epsilon': 0.001, 'gamma': 0.001, 'kernel': 'rbf'}",0.012055,,
SVR,5D,1,1990-03-27,2015-06-09,2015-06-10,2016-07-07,0.0167597790196969,0.0227979088752597,-0.0024360899876487,0.4669117647058823,,,,,,,,,,,,,"{'C': 0.1, 'epsilon': 0.01, 'gamma': 0.001, 'kernel': 'rbf'}",0.02623,,
SVR,5D,2,1990-03-27,2016-07-07,2016-07-08,2017-08-04,0.0071242635539385,0.0095613059445866,0.0504228258861096,0.5772058823529411,,,,,,,,,,,,,"{'C': 0.1, 'epsilon': 0.01, 'gamma': 0.001, 'kernel': 'rbf'}",0.026084,,
SVR,5D,3,1990-03-27,2017-08-04,2017-08-07,2018-09-04,0.0113263096454445,0.0162719063886752,-0.001975019621329,0.6176470588235294,,,,,,,,,,,,,"{'C': 0.1, 'epsilon': 0.01, 'gamma': 0.001, 'kernel': 'rbf'}",0.025567,,
SVR,5D,4,1990-03-27,2018-09-04,2018-09-05,2019-10-03,0.0168189516807315,0.0224341316914476,-0.0067012615605603,0.5073529411764706,,,,,,,,,,,,,"{'C': 0.1, 'epsilon': 0.01, 'gamma': 0.001, 'kernel': 'rbf'}",0.025159,,
SVR,5D,5,1990-03-27,2019-10-03,2019-10-04,2020-10-30,0.0267129306442023,0.0417916450923091,-0.1091884191895689,0.5882352941176471,,,,,,,,,,,,,"{'C': 0.1, 'epsilon': 0.01, 'gamma': 0.001, 'kernel': 'rbf'}",0.02521,,
SVR,20D,1,1990-03-27,2015-06-09,2015-06-10,2016-07-07,0.0324701055385336,0.0406654264520147,-0.006743155286935,0.5551470588235294,,,,,,,,,,,,,"{'C': 0.1, 'epsilon': 0.05, 'gamma': 0.001, 'kernel': 'rbf'}",0.049699,,
SVR,20D,2,1990-03-27,2016-07-07,2016-07-08,2017-08-04,0.0189248762799687,0.0228674097925383,-0.7792908739111504,0.3492647058823529,,,,,,,,,,,,,"{'C': 0.1, 'epsilon': 0.05, 'gamma': 0.001, 'kernel': 'rbf'}",0.048797,,
SVR,20D,3,1990-03-27,2017-08-04,2017-08-07,2018-09-04,0.0203038928434812,0.0253971391822308,-0.0199315244014599,0.7867647058823529,,,,,,,,,,,,,"{'C': 0.1, 'epsilon': 0.01, 'gamma': 0.001, 'kernel': 'rbf'}",0.047959,,
SVR,20D,4,1990-03-27,2018-09-04,2018-09-05,2019-10-03,0.0354080285185293,0.0438399339667835,-0.0487072440317597,0.5661764705882353,,,,,,,,,,,,,"{'C': 0.1, 'epsilon': 0.01, 'gamma': 0.001, 'kernel': 'rbf'}",0.047048,,
SVR,20D,5,1990-03-27,2019-10-03,2019-10-04,2020-10-30,0.0597289215982742,0.0927984076692039,-0.1484019501445155,0.5955882352941176,,,,,,,,,,,,,"{'C': 0.1, 'epsilon': 0.01, 'gamma': 0.001, 'kernel': 'rbf'}",0.04707,,
SVR,60D,1,1990-03-27,2015-06-09,2015-06-10,2016-07-07,0.0479405533431749,0.0568856318508371,0.0492819266370672,0.5735294117647058,,,,,,,,,,,,,"{'C': 0.1, 'epsilon': 0.001, 'gamma': 0.01, 'kernel': 'rbf'}",0.083518,,
SVR,60D,2,1990-03-27,2016-07-07,2016-07-08,2017-08-04,0.0191835113388749,0.0250009630727731,-0.0099242920821798,0.9007352941176472,,,,,,,,,,,,,"{'C': 0.1, 'epsilon': 0.01, 'gamma': 0.01, 'kernel': 'rbf'}",0.081684,,
SVR,60D,3,1990-03-27,2017-08-04,2017-08-07,2018-09-04,0.0425197873440126,0.0511887208827037,-0.2873432133514058,0.625,,,,,,,,,,,,,"{'C': 0.1, 'epsilon': 0.001, 'gamma': 0.01, 'kernel': 'rbf'}",0.079485,,
SVR,60D,4,1990-03-27,2018-09-04,2018-09-05,2019-10-03,0.0514624161914463,0.0716521038491005,-0.2718858849768391,0.6360294117647058,,,,,,,,,,,,,"{'C': 0.1, 'epsilon': 0.001, 'gamma': 0.01, 'kernel': 'rbf'}",0.078928,,
SVR,60D,5,1990-03-27,2019-10-03,2019-10-04,2020-10-30,0.1065145409220465,0.1383725041291254,-0.224530848176699,0.6102941176470589,,,,,,,,,,,,,"{'C': 0.1, 'epsilon': 0.001, 'gamma': 0.001, 'kernel': 'rbf'}",0.079116,,
SVR,120D,1,1990-03-27,2015-06-09,2015-06-10,2016-07-07,0.074093101046329,0.0918610771284336,-1.227329683012564,0.3602941176470588,,,,,,,,,,,,,"{'C': 0.1, 'epsilon': 0.1, 'gamma': 'scale', 'kernel': 'rbf'}",0.122922,,
SVR,120D,2,1990-03-27,2016-07-07,2016-07-08,2017-08-04,0.0363517676953159,0.0430550519646015,-2.223053290705536,0.9779411764705882,,,,,,,,,,,,,"{'C': 0.1, 'epsilon': 0.1, 'gamma': 'scale', 'kernel': 'rbf'}",0.123565,,
SVR,120D,3,1990-03-27,2017-08-04,2017-08-07,2018-09-04,0.0584744012133223,0.0729688912968612,-0.564100476317007,0.5110294117647058,,,,,,,,,,,,,"{'C': 0.1, 'epsilon': 0.1, 'gamma': 'scale', 'kernel': 'rbf'}",0.120317,,
SVR,120D,4,1990-03-27,2018-09-04,2018-09-05,2019-10-03,0.0669411532956457,0.0842301735003545,-0.2853598295594057,0.8235294117647058,,,,,,,,,,,,,"{'C': 0.1, 'epsilon': 0.1, 'gamma': 0.001, 'kernel': 'rbf'}",0.122905,,
SVR,120D,5,1990-03-27,2019-10-03,2019-10-04,2020-10-30,0.1039025058016731,0.1194824603774839,-0.0050455105552968,0.6654411764705882,,,,,,,,,,,,,"{'C': 0.1, 'epsilon': 0.1, 'gamma': 0.001, 'kernel': 'rbf'}",0.122351,,
Random_Forest,1D,1,1990-03-27,2015-06-09,2015-06-10,2016-07-07,0.0077708669187679,0.0107289231311802,-0.0207551240013903,0.4963235294117647,,,,,,,,,,,,,"{'n_estimators': 200, 'max_depth': 10, 'min_samples_split': 2, 'min_samples_leaf': 5, 'max_features': 0.5, 'random_state': 42, 'n_jobs': -1}",0.008776,,
Random_Forest,1D,2,1990-03-27,2016-07-07,2016-07-08,2017-08-04,0.0034736521766752,0.004939875808078,-0.0030403839035426,0.5220588235294118,,,,,,,,,,,,,"{'n_estimators': 200, 'max_depth': 5, 'min_samples_split': 5, 'min_samples_leaf': 1, 'max_features': 'sqrt', 'random_state': 42, 'n_jobs': -1}",0.00831,,
Random_Forest,1D,3,1990-03-27,2017-08-04,2017-08-07,2018-09-04,0.0051520474008231,0.0077211822671907,0.0042401296509494,0.5882352941176471,,,,,,,,,,,,,"{'n_estimators': 200, 'max_depth': 5, 'min_samples_split': 10, 'min_samples_leaf': 1, 'max_features': 0.5, 'random_state': 42, 'n_jobs': -1}",0.007708,,
Random_Forest,1D,4,1990-03-27,2018-09-04,2018-09-05,2019-10-03,0.0071242179683311,0.0102447245238993,0.0043795566801373,0.5367647058823529,,,,,,,,,,,,,"{'n_estimators': 200, 'max_depth': 5, 'min_samples_split': 5, 'min_samples_leaf': 1, 'max_features': 'sqrt', 'random_state': 42, 'n_jobs': -1}",0.007916,,
Random_Forest,1D,5,1990-03-27,2019-10-03,2019-10-04,2020-10-30,0.0127189466338651,0.0214650916999505,-0.0535198404091306,0.5588235294117647,,,,,,,,,,,,,"{'n_estimators': 200, 'max_depth': 5, 'min_samples_split': 5, 'min_samples_leaf': 1, 'max_features': 'sqrt', 'random_state': 42, 'n_jobs': -1}",0.008629,,
Random_Forest,5D,1,1990-03-27,2015-06-09,2015-06-10,2016-07-07,0.0168916275795349,0.0228678819895062,-0.0085990429576541,0.4852941176470588,,,,,,,,,,,,,"{'n_estimators': 200, 'max_depth': 10, 'min_samples_split': 5, 'min_samples_leaf': 5, 'max_features': 'sqrt', 'random_state': 42, 'n_jobs': -1}",0.018222,,
Random_Forest,5D,2,1990-03-27,2016-07-07,2016-07-08,2017-08-04,0.007140539367905,0.0097236877470337,0.017895175357389,0.6213235294117647,,,,,,,,,,,,,"{'n_estimators': 500, 'max_depth': 5, 'min_samples_split': 2, 'min_samples_leaf': 5, 'max_features': 0.5, 'random_state': 42, 'n_jobs': -1}",0.017703,,
Random_Forest,5D,3,1990-03-27,2017-08-04,2017-08-07,2018-09-04,0.0113377425604976,0.0163629041300922,-0.0132130895106004,0.6617647058823529,,,,,,,,,,,,,"{'n_estimators': 200, 'max_depth': 5, 'min_samples_split': 10, 'min_samples_leaf': 5, 'max_features': 0.5, 'random_state': 42, 'n_jobs': -1}",0.016542,,
Random_Forest,5D,4,1990-03-27,2018-09-04,2018-09-05,2019-10-03,0.0167256704633725,0.0222881070571789,0.0063614021375668,0.5808823529411765,,,,,,,,,,,,,"{'n_estimators': 200, 'max_depth': 5, 'min_samples_split': 10, 'min_samples_leaf': 5, 'max_features': 0.5, 'random_state': 42, 'n_jobs': -1}",0.016865,,
Random_Forest,5D,5,1990-03-27,2019-10-03,2019-10-04,2020-10-30,0.027793663181091,0.0421649204949654,-0.1290910473656015,0.6176470588235294,,,,,,,,,,,,,"{'n_estimators': 200, 'max_depth': 5, 'min_samples_split': 10, 'min_samples_leaf': 5, 'max_features': 0.5, 'random_state': 42, 'n_jobs': -1}",0.018327,,
Random_Forest,20D,1,1990-03-27,2015-06-09,2015-06-10,2016-07-07,0.033795110541644,0.043462821883036,-0.150015949570144,0.4338235294117647,,,,,,,,,,,,,"{'n_estimators': 200, 'max_depth': 5, 'min_samples_split': 10, 'min_samples_leaf': 5, 'max_features': 0.5, 'random_state': 42, 'n_jobs': -1}",0.029629,,
Random_Forest,20D,2,1990-03-27,2016-07-07,2016-07-08,2017-08-04,0.0142325376153135,0.0175588994762867,-0.0490775351542636,0.6985294117647058,,,,,,,,,,,,,"{'n_estimators': 500, 'max_depth': 5, 'min_samples_split': 5, 'min_samples_leaf': 1, 'max_features': 'sqrt', 'random_state': 42, 'n_jobs': -1}",0.031677,,
Random_Forest,20D,3,1990-03-27,2017-08-04,2017-08-07,2018-09-04,0.0210603813735359,0.026184348001456,-0.0841389456343946,0.7941176470588235,,,,,,,,,,,,,"{'n_estimators': 500, 'max_depth': 5, 'min_samples_split': 5, 'min_samples_leaf': 1, 'max_features': 'sqrt', 'random_state': 42, 'n_jobs': -1}",0.029287,,
Random_Forest,20D,4,1990-03-27,2018-09-04,2018-09-05,2019-10-03,0.0346192208667051,0.0425883382771806,0.0103175357398089,0.5845588235294118,,,,,,,,,,,,,"{'n_estimators': 500, 'max_depth': 5, 'min_samples_split': 10, 'min_samples_leaf': 1, 'max_features': 'sqrt', 'random_state': 42, 'n_jobs': -1}",0.029396,,
Random_Forest,20D,5,1990-03-27,2019-10-03,2019-10-04,2020-10-30,0.0693537177124064,0.101953157769235,-0.3861627887616821,0.6029411764705882,,,,,,,,,,,,,"{'n_estimators': 200, 'max_depth': 5, 'min_samples_split': 5, 'min_samples_leaf': 1, 'max_features': 'sqrt', 'random_state': 42, 'n_jobs': -1}",0.033441,,
Random_Forest,60D,1,1990-03-27,2015-06-09,2015-06-10,2016-07-07,0.059376810461877,0.0731502296496541,-0.572092027082002,0.4301470588235294,,,,,,,,,,,,,"{'n_estimators': 200, 'max_depth': 5, 'min_samples_split': 10, 'min_samples_leaf': 2, 'max_features': 'sqrt', 'random_state': 42, 'n_jobs': -1}",0.044523,,
Random_Forest,60D,2,1990-03-27,2016-07-07,2016-07-08,2017-08-04,0.0233390250245273,0.0283177151018368,-0.2956621068472878,0.8933823529411765,,,,,,,,,,,,,"{'n_estimators': 500, 'max_depth': 5, 'min_samples_split': 2, 'min_samples_leaf': 2, 'max_features': 'sqrt', 'random_state': 42, 'n_jobs': -1}",0.04948,,
Random_Forest,60D,3,1990-03-27,2017-08-04,2017-08-07,2018-09-04,0.0435240843062289,0.0500607356760873,-0.2312330028696463,0.5992647058823529,,,,,,,,,,,,,"{'n_estimators': 500, 'max_depth': 5, 'min_samples_split': 2, 'min_samples_leaf': 2, 'max_features': 'sqrt', 'random_state': 42, 'n_jobs': -1}",0.04532,,
Random_Forest,60D,4,1990-03-27,2018-09-04,2018-09-05,2019-10-03,0.0519626858938451,0.071790093073095,-0.276789454699325,0.6102941176470589,,,,,,,,,,,,,"{'n_estimators': 500, 'max_depth': 5, 'min_samples_split': 2, 'min_samples_leaf': 2, 'max_features': 'sqrt', 'random_state': 42, 'n_jobs': -1}",0.048336,,
Random_Forest,60D,5,1990-03-27,2019-10-03,2019-10-04,2020-10-30,0.115739183844763,0.1479458705883514,-0.3998317026989646,0.5367647058823529,,,,,,,,,,,,,"{'n_estimators': 500, 'max_depth': 5, 'min_samples_split': 2, 'min_samples_leaf': 2, 'max_features': 'sqrt', 'random_state': 42, 'n_jobs': -1}",0.059512,,
Random_Forest,120D,1,1990-03-27,2015-06-09,2015-06-10,2016-07-07,0.0787341417376421,0.1021476370837924,-1.75408974121284,0.4154411764705882,,,,,,,,,,,,,"{'n_estimators': 500, 'max_depth': 5, 'min_samples_split': 5, 'min_samples_leaf': 1, 'max_features': 'sqrt', 'random_state': 42, 'n_jobs': -1}",0.055502,,
Random_Forest,120D,2,1990-03-27,2016-07-07,2016-07-08,2017-08-04,0.0357942015628389,0.0423342480639885,-2.1160394792282338,1.0,,,,,,,,,,,,,"{'n_estimators': 500, 'max_depth': 5, 'min_samples_split': 2, 'min_samples_leaf': 5, 'max_features': 'sqrt', 'random_state': 42, 'n_jobs': -1}",0.070953,,
Random_Forest,120D,3,1990-03-27,2017-08-04,2017-08-07,2018-09-04,0.0630738119609631,0.0763757843908429,-0.7135647524694839,0.4889705882352941,,,,,,,,,,,,,"{'n_estimators': 500, 'max_depth': 5, 'min_samples_split': 2, 'min_samples_leaf': 5, 'max_features': 'sqrt', 'random_state': 42, 'n_jobs': -1}",0.064855,,
Random_Forest,120D,4,1990-03-27,2018-09-04,2018-09-05,2019-10-03,0.0764153403089614,0.0962835953195203,-0.6795538403346693,0.6654411764705882,,,,,,,,,,,,,"{'n_estimators': 500, 'max_depth': 5, 'min_samples_split': 2, 'min_samples_leaf': 5, 'max_features': 'sqrt', 'random_state': 42, 'n_jobs': -1}",0.073365,,
Random_Forest,120D,5,1990-03-27,2019-10-03,2019-10-04,2020-10-30,0.1152897474265753,0.1390092668303798,-0.3603946630863062,0.5955882352941176,,,,,,,,,,,,,"{'n_estimators': 500, 'max_depth': 5, 'min_samples_split': 2, 'min_samples_leaf': 5, 'max_features': 'sqrt', 'random_state': 42, 'n_jobs': -1}",0.086461,,
XGBoost,1D,1,1990-03-27,2015-06-09,2015-06-10,2016-07-07,0.007732036441661,0.0106228578887454,-0.0006726831309691,0.5073529411764706,,,,,,,,,,,,,"{'n_estimators': 200, 'learning_rate': 0.16482980845075787, 'max_depth': 9, 'min_child_weight': 2, 'subsample': 0.7299728847064147, 'colsample_bytree': 0.67498834754586, 'gamma': 0.6907781506070934, 'reg_alpha': 0.012006821319579775, 'reg_lambda': 12.464577340414984, 'random_state': 42, 'n_jobs': -1, 'tree_method': 'hist'}",0.008802,,
XGBoost,1D,2,1990-03-27,2016-07-07,2016-07-08,2017-08-04,0.0034736895084394,0.0049385583792595,-0.0025054481477431,0.5257352941176471,,,,,,,,,,,,,"{'n_estimators': 200, 'learning_rate': 0.17523144542136695, 'max_depth': 10, 'min_child_weight': 4, 'subsample': 0.7592183523018007, 'colsample_bytree': 0.7085139748885433, 'gamma': 1.656517344950464, 'reg_alpha': 0.07154889881109874, 'reg_lambda': 51.43471326516465, 'random_state': 42, 'n_jobs': -1, 'tree_method': 'hist'}",0.008312,,
XGBoost,1D,3,1990-03-27,2017-08-04,2017-08-07,2018-09-04,0.0051645180341276,0.0077421677159846,-0.0011799897984736,0.5845588235294118,,,,,,,,,,,,,"{'n_estimators': 600, 'learning_rate': 0.01894718686730443, 'max_depth': 4, 'min_child_weight': 4, 'subsample': 0.7460007086545342, 'colsample_bytree': 0.8194907321784571, 'gamma': 3.4919271037301725, 'reg_alpha': 0.05800421679197067, 'reg_lambda': 0.2601420495541158, 'random_state': 42, 'n_jobs': -1, 'tree_method': 'hist'}",0.007712,,
XGBoost,1D,4,1990-03-27,2018-09-04,2018-09-05,2019-10-03,0.0071319751134788,0.0102701046439173,-0.0005596228469391,0.5330882352941176,,,,,,,,,,,,,"{'n_estimators': 200, 'learning_rate': 0.16782678532623518, 'max_depth': 10, 'min_child_weight': 2, 'subsample': 0.6456429521023989, 'colsample_bytree': 0.6052767590737163, 'gamma': 1.6547883477496947, 'reg_alpha': 0.00923809201010153, 'reg_lambda': 9.274458155705567, 'random_state': 42, 'n_jobs': -1, 'tree_method': 'hist'}",0.00793,,
XGBoost,1D,5,1990-03-27,2019-10-03,2019-10-04,2020-10-30,0.012483743010694,0.0212219538887582,-0.0297883057864798,0.5661764705882353,,,,,,,,,,,,,"{'n_estimators': 200, 'learning_rate': 0.09346777377493276, 'max_depth': 9, 'min_child_weight': 1, 'subsample': 0.7219192643841313, 'colsample_bytree': 0.6558289950203557, 'gamma': 0.0015032555243577606, 'reg_alpha': 0.14113536657860465, 'reg_lambda': 2.879747417492425, 'random_state': 42, 'n_jobs': -1, 'tree_method': 'hist'}",0.008624,,
XGBoost,5D,1,1990-03-27,2015-06-09,2015-06-10,2016-07-07,0.0166520781402545,0.0227932659730469,-0.0020278298406644,0.5514705882352942,,,,,,,,,,,,,"{'n_estimators': 500, 'learning_rate': 0.028344287522300348, 'max_depth': 7, 'min_child_weight': 2, 'subsample': 0.7104564182996586, 'colsample_bytree': 0.6709711642982997, 'gamma': 2.1902205055674906, 'reg_alpha': 0.06127605976015246, 'reg_lambda': 0.008997160419110447, 'random_state': 42, 'n_jobs': -1, 'tree_method': 'hist'}",0.018438,,
XGBoost,5D,2,1990-03-27,2016-07-07,2016-07-08,2017-08-04,0.0072679094802483,0.0098614057701905,-0.010121220562455,0.6213235294117647,,,,,,,,,,,,,"{'n_estimators': 500, 'learning_rate': 0.13351513390289982, 'max_depth': 8, 'min_child_weight': 4, 'subsample': 0.6638583509057133, 'colsample_bytree': 0.789286287640768, 'gamma': 1.8425796880461651, 'reg_alpha': 0.00044890025145266524, 'reg_lambda': 4.906764195687734, 'random_state': 42, 'n_jobs': -1, 'tree_method': 'hist'}",0.017784,,
XGBoost,5D,3,1990-03-27,2017-08-04,2017-08-07,2018-09-04,0.0112355005196475,0.0163190312809779,-0.0077870415785825,0.6580882352941176,,,,,,,,,,,,,"{'n_estimators': 600, 'learning_rate': 0.018307439909164332, 'max_depth': 5, 'min_child_weight': 5, 'subsample': 0.6328063098568938, 'colsample_bytree': 0.716239745174019, 'gamma': 1.4609756823375353, 'reg_alpha': 1.0160302067087503, 'reg_lambda': 2.6364513361856057, 'random_state': 42, 'n_jobs': -1, 'tree_method': 'hist'}",0.016624,,
XGBoost,5D,4,1990-03-27,2018-09-04,2018-09-05,2019-10-03,0.0167497205509341,0.0223948194133519,-0.0031761824183531,0.5808823529411765,,,,,,,,,,,,,"{'n_estimators': 100, 'learning_rate': 0.051689090402362865, 'max_depth': 8, 'min_child_weight': 1, 'subsample': 0.6176211690022704, 'colsample_bytree': 0.6100876820685606, 'gamma': 4.376577943718569, 'reg_alpha': 1.0441957396164924e-05, 'reg_lambda': 0.02900914345327678, 'random_state': 42, 'n_jobs': -1, 'tree_method': 'hist'}",0.016945,,
XGBoost,5D,5,1990-03-27,2019-10-03,2019-10-04,2020-10-30,0.0261666036938156,0.0398828494082705,-0.0101799622788123,0.6544117647058824,,,,,,,,,,,,,"{'n_estimators': 600, 'learning_rate': 0.09583986064339628, 'max_depth': 6, 'min_child_weight': 6, 'subsample': 0.6952217128651615, 'colsample_bytree': 0.8416658555322201, 'gamma': 0.030318246119309222, 'reg_alpha': 0.011580562796565748, 'reg_lambda': 1.6369131366220526, 'random_state': 42, 'n_jobs': -1, 'tree_method': 'hist'}",0.018374,,
XGBoost,20D,1,1990-03-27,2015-06-09,2015-06-10,2016-07-07,0.0320801527098722,0.0413042712382016,-0.0386230377553706,0.5772058823529411,,,,,,,,,,,,,"{'n_estimators': 500, 'learning_rate': 0.09841890571902524, 'max_depth': 4, 'min_child_weight': 4, 'subsample': 0.7922243530062283, 'colsample_bytree': 0.7606798694247546, 'gamma': 0.07889917528592537, 'reg_alpha': 6.217534936532562e-05, 'reg_lambda': 2.949005876817631, 'random_state': 42, 'n_jobs': -1, 'tree_method': 'hist'}",0.029773,,
XGBoost,20D,2,1990-03-27,2016-07-07,2016-07-08,2017-08-04,0.0141830293270349,0.0175090873174691,-0.0431338034074966,0.6985294117647058,,,,,,,,,,,,,"{'n_estimators': 400, 'learning_rate': 0.17254716573280354, 'max_depth': 8, 'min_child_weight': 6, 'subsample': 0.6624074561769746, 'colsample_bytree': 0.662397808134481, 'gamma': 0.2904180608409973, 'reg_alpha': 0.6245760287469893, 'reg_lambda': 1.0129197956845732, 'random_state': 42, 'n_jobs': -1, 'tree_method': 'hist'}",0.031118,,
XGBoost,20D,3,1990-03-27,2017-08-04,2017-08-07,2018-09-04,0.020761436759295,0.0260092638753239,-0.0696890223325685,0.7941176470588235,,,,,,,,,,,,,"{'n_estimators': 400, 'learning_rate': 0.15259144921853043, 'max_depth': 8, 'min_child_weight': 4, 'subsample': 0.6694216580478584, 'colsample_bytree': 0.7238927997467867, 'gamma': 0.13540197046038513, 'reg_alpha': 0.09176443641650511, 'reg_lambda': 2.0471994650509857, 'random_state': 42, 'n_jobs': -1, 'tree_method': 'hist'}",0.028715,,
XGBoost,20D,4,1990-03-27,2018-09-04,2018-09-05,2019-10-03,0.0347124212339748,0.0430005724685047,-0.0089344705364153,0.5845588235294118,,,,,,,,,,,,,"{'n_estimators': 400, 'learning_rate': 0.17254716573280354, 'max_depth': 8, 'min_child_weight': 6, 'subsample': 0.6624074561769746, 'colsample_bytree': 0.662397808134481, 'gamma': 0.2904180608409973, 'reg_alpha': 0.6245760287469893, 'reg_lambda': 1.0129197956845732, 'random_state': 42, 'n_jobs': -1, 'tree_method': 'hist'}",0.028816,,
XGBoost,20D,5,1990-03-27,2019-10-03,2019-10-04,2020-10-30,0.0588284454914446,0.0894054737953511,-0.0659604486440439,0.6029411764705882,,,,,,,,,,,,,"{'n_estimators': 500, 'learning_rate': 0.15653550640645353, 'max_depth': 8, 'min_child_weight': 6, 'subsample': 0.6181672342741147, 'colsample_bytree': 0.6534906102558135, 'gamma': 0.12406547386740804, 'reg_alpha': 0.00038777552250027355, 'reg_lambda': 34.50517596865205, 'random_state': 42, 'n_jobs': -1, 'tree_method': 'hist'}",0.033059,,
XGBoost,60D,1,1990-03-27,2015-06-09,2015-06-10,2016-07-07,0.0688631302847455,0.0926773976387107,-1.5234472933499612,0.4595588235294117,,,,,,,,,,,,,"{'n_estimators': 100, 'learning_rate': 0.16140976759997547, 'max_depth': 7, 'min_child_weight': 5, 'subsample': 0.6659182419696892, 'colsample_bytree': 0.6433323994499379, 'gamma': 0.11558135807378633, 'reg_alpha': 0.11585150569160763, 'reg_lambda': 2.77848806354835, 'random_state': 42, 'n_jobs': -1, 'tree_method': 'hist'}",0.043959,,
XGBoost,60D,2,1990-03-27,2016-07-07,2016-07-08,2017-08-04,0.0241357882986806,0.0289703837337504,-0.3560753974665527,0.8933823529411765,,,,,,,,,,,,,"{'n_estimators': 1000, 'learning_rate': 0.19479909325982075, 'max_depth': 4, 'min_child_weight': 3, 'subsample': 0.6311516066690869, 'colsample_bytree': 0.6141226947759051, 'gamma': 1.27969095139165, 'reg_alpha': 6.283362264526676e-07, 'reg_lambda': 4.184924942993327, 'random_state': 42, 'n_jobs': -1, 'tree_method': 'hist'}",0.044308,,
XGBoost,60D,3,1990-03-27,2017-08-04,2017-08-07,2018-09-04,0.039373469735158,0.0457159252566164,-0.0267880863357099,0.7242647058823529,,,,,,,,,,,,,"{'n_estimators': 900, 'learning_rate': 0.08966082435409828, 'max_depth': 5, 'min_child_weight': 6, 'subsample': 0.682737042829178, 'colsample_bytree': 0.9676181302004268, 'gamma': 2.7328874923636, 'reg_alpha': 0.009620651782974207, 'reg_lambda': 22.526689203240277, 'random_state': 42, 'n_jobs': -1, 'tree_method': 'hist'}",0.04044,,
XGBoost,60D,4,1990-03-27,2018-09-04,2018-09-05,2019-10-03,0.0452317933346626,0.0636663659620738,-0.004177247407842,0.7352941176470589,,,,,,,,,,,,,"{'n_estimators': 900, 'learning_rate': 0.06347024975951226, 'max_depth': 4, 'min_child_weight': 4, 'subsample': 0.6962313144741826, 'colsample_bytree': 0.8731083568188023, 'gamma': 3.2195136700743987, 'reg_alpha': 0.0007105670830451343, 'reg_lambda': 22.272661905982094, 'random_state': 42, 'n_jobs': -1, 'tree_method': 'hist'}",0.042838,,
XGBoost,60D,5,1990-03-27,2019-10-03,2019-10-04,2020-10-30,0.1040134977251081,0.1267195670750446,-0.0269693693977319,0.75,,,,,,,,,,,,,"{'n_estimators': 900, 'learning_rate': 0.18503961523646953, 'max_depth': 3, 'min_child_weight': 4, 'subsample': 0.6931045457943362, 'colsample_bytree': 0.7564582363703096, 'gamma': 1.323160289395684, 'reg_alpha': 3.1750194505136243e-07, 'reg_lambda': 32.79808643165651, 'random_state': 42, 'n_jobs': -1, 'tree_method': 'hist'}",0.051334,,
XGBoost,120D,1,1990-03-27,2015-06-09,2015-06-10,2016-07-07,0.0791693973310424,0.1019696422526713,-1.7444999621936126,0.4191176470588235,,,,,,,,,,,,,"{'n_estimators': 1000, 'learning_rate': 0.010080349964618693, 'max_depth': 10, 'min_child_weight': 9, 'subsample': 0.777617198412112, 'colsample_bytree': 0.7350582219714988, 'gamma': 0.4288831982149235, 'reg_alpha': 8.767411211963967e-07, 'reg_lambda': 22.62654678216956, 'random_state': 42, 'n_jobs': -1, 'tree_method': 'hist'}",0.055813,,
XGBoost,120D,2,1990-03-27,2016-07-07,2016-07-08,2017-08-04,0.0430098226831519,0.0488027379384007,-3.1410228402956006,1.0,,,,,,,,,,,,,"{'n_estimators': 1000, 'learning_rate': 0.1676063284982292, 'max_depth': 3, 'min_child_weight': 9, 'subsample': 0.6301886180051994, 'colsample_bytree': 0.7784937067777397, 'gamma': 3.7380722715536923, 'reg_alpha': 0.017760974213777727, 'reg_lambda': 0.005238005902748139, 'random_state': 42, 'n_jobs': -1, 'tree_method': 'hist'}",0.05808,,
XGBoost,120D,3,1990-03-27,2017-08-04,2017-08-07,2018-09-04,0.0460479235625365,0.0597938375951257,-0.0502725339328831,0.6617647058823529,,,,,,,,,,,,,"{'n_estimators': 600, 'learning_rate': 0.1643886641403159, 'max_depth': 8, 'min_child_weight': 4, 'subsample': 0.9026679863634834, 'colsample_bytree': 0.7167342905159535, 'gamma': 4.515708653381637, 'reg_alpha': 0.08495816127682672, 'reg_lambda': 0.17019369048371924, 'random_state': 42, 'n_jobs': -1, 'tree_method': 'hist'}",0.052086,,
XGBoost,120D,4,1990-03-27,2018-09-04,2018-09-05,2019-10-03,0.0577907628708437,0.0768654265260798,-0.0704130998323766,0.8382352941176471,,,,,,,,,,,,,"{'n_estimators': 500, 'learning_rate': 0.019671682735438567, 'max_depth': 4, 'min_child_weight': 4, 'subsample': 0.7536121437426292, 'colsample_bytree': 0.9291249522262738, 'gamma': 4.107429866736851, 'reg_alpha': 0.29039304143069944, 'reg_lambda': 0.44103977459922583, 'random_state': 42, 'n_jobs': -1, 'tree_method': 'hist'}",0.054914,,
XGBoost,120D,5,1990-03-27,2019-10-03,2019-10-04,2020-10-30,0.120550954296493,0.1332944185860701,-0.2508387972406094,0.6654411764705882,,,,,,,,,,,,,"{'n_estimators': 500, 'learning_rate': 0.04450672998900653, 'max_depth': 2, 'min_child_weight': 4, 'subsample': 0.7588537864265572, 'colsample_bytree': 0.8711554645902435, 'gamma': 4.301763256737684, 'reg_alpha': 0.008778859905698584, 'reg_lambda': 0.012891822593324227, 'random_state': 42, 'n_jobs': -1, 'tree_method': 'hist'}",0.062394,,
RNN,1D,1,1990-03-27,2015-06-09,2015-06-10,2016-07-07,0.0082841323355385,0.0112680890757508,-0.1259259899964335,0.5147058823529411,,,,,,,,,,,,,"{'lookback': 40, 'hidden_size': 64, 'num_layers': 1, 'dropout': 0.43573029509385885, 'learning_rate': 0.00040489662225846743, 'weight_decay': 0.0001, 'batch_size': 32, 'epochs': 40, 'patience': 7}",0.009098,40.0,cuda
RNN,1D,2,1990-03-27,2016-07-07,2016-07-08,2017-08-04,0.0040012950869939,0.0053737224183948,-0.1869620003925078,0.5,,,,,,,,,,,,,"{'lookback': 40, 'hidden_size': 64, 'num_layers': 1, 'dropout': 0.4202626021016229, 'learning_rate': 0.0006840117725936527, 'weight_decay': 0.0001, 'batch_size': 32, 'epochs': 40, 'patience': 7}",0.008416,40.0,cuda
RNN,1D,3,1990-03-27,2017-08-04,2017-08-07,2018-09-04,0.0052751812821068,0.0076988652875395,0.0099880155887378,0.4926470588235294,,,,,,,,,,,,,"{'lookback': 10, 'hidden_size': 32, 'num_layers': 1, 'dropout': 0.3765588646777447, 'learning_rate': 0.0003595904554814919, 'weight_decay': 0.0001, 'batch_size': 32, 'epochs': 40, 'patience': 7}",0.007747,10.0,cuda
RNN,1D,4,1990-03-27,2018-09-04,2018-09-05,2019-10-03,0.0074481929705716,0.0106099472703168,-0.0678731985975182,0.5036764705882353,,,,,,,,,,,,,"{'lookback': 40, 'hidden_size': 64, 'num_layers': 1, 'dropout': 0.43573029509385885, 'learning_rate': 0.00040489662225846743, 'weight_decay': 0.0001, 'batch_size': 32, 'epochs': 40, 'patience': 7}",0.007951,40.0,cuda
RNN,1D,5,1990-03-27,2019-10-03,2019-10-04,2020-10-30,0.0126836962630255,0.0207506063155107,0.0154476695631214,0.4852941176470588,,,,,,,,,,,,,"{'lookback': 40, 'hidden_size': 64, 'num_layers': 1, 'dropout': 0.3017249991009523, 'learning_rate': 0.000305485208547517, 'weight_decay': 0.0001, 'batch_size': 16, 'epochs': 40, 'patience': 7}",0.00867,40.0,cuda
RNN,5D,1,1990-03-27,2015-06-09,2015-06-10,2016-07-07,0.016984994517294,0.022705613866025,0.0056640011305826,0.4522058823529412,,,,,,,,,,,,,"{'lookback': 60, 'hidden_size': 64, 'num_layers': 1, 'dropout': 0.42812192792190285, 'learning_rate': 0.0002485193943909076, 'weight_decay': 0.0001, 'batch_size': 16, 'epochs': 40, 'patience': 7}",0.018299,60.0,cuda
RNN,5D,2,1990-03-27,2016-07-07,2016-07-08,2017-08-04,0.008008718723137,0.0103982579956245,-0.1230963447981339,0.4779411764705882,,,,,,,,,,,,,"{'lookback': 20, 'hidden_size': 32, 'num_layers': 3, 'dropout': 0.3707997643791441, 'learning_rate': 0.00028137204181254605, 'weight_decay': 0.0001, 'batch_size': 32, 'epochs': 40, 'patience': 7}",0.017712,20.0,cuda
RNN,5D,3,1990-03-27,2017-08-04,2017-08-07,2018-09-04,0.0119890989286488,0.0166400689442044,-0.0478286351010281,0.4558823529411764,,,,,,,,,,,,,"{'lookback': 40, 'hidden_size': 64, 'num_layers': 2, 'dropout': 0.47301779626566315, 'learning_rate': 0.0007544460262417751, 'weight_decay': 0.0001, 'batch_size': 32, 'epochs': 40, 'patience': 7}",0.016473,40.0,cuda
RNN,5D,4,1990-03-27,2018-09-04,2018-09-05,2019-10-03,0.0167939006247951,0.022723990847154,-0.0328833920859925,0.5551470588235294,,,,,,,,,,,,,"{'lookback': 40, 'hidden_size': 64, 'num_layers': 1, 'dropout': 0.43573029509385885, 'learning_rate': 0.00040489662225846743, 'weight_decay': 0.0001, 'batch_size': 32, 'epochs': 40, 'patience': 7}",0.016837,40.0,cuda
RNN,5D,5,1990-03-27,2019-10-03,2019-10-04,2020-10-30,0.0253224268528545,0.0409650422117809,-0.0657447593529834,0.5992647058823529,,,,,,,,,,,,,"{'lookback': 20, 'hidden_size': 64, 'num_layers': 1, 'dropout': 0.2622779137308282, 'learning_rate': 0.000786477284633486, 'weight_decay': 0.0001, 'batch_size': 16, 'epochs': 40, 'patience': 7}",0.01832,20.0,cuda
RNN,20D,1,1990-03-27,2015-06-09,2015-06-10,2016-07-07,0.0375982394543567,0.0471858126412485,-0.3554730942147257,0.4375,,,,,,,,,,,,,"{'lookback': 10, 'hidden_size': 128, 'num_layers': 1, 'dropout': 0.37762370294842085, 'learning_rate': 0.0001546735082499666, 'weight_decay': 0.0001, 'batch_size': 64, 'epochs': 40, 'patience': 7}",0.03267,10.0,cuda
RNN,20D,2,1990-03-27,2016-07-07,2016-07-08,2017-08-04,0.0137680620610823,0.0170560292382358,0.0101511888803267,0.6911764705882353,,,,,,,,,,,,,"{'lookback': 60, 'hidden_size': 128, 'num_layers': 2, 'dropout': 0.27602156683440465, 'learning_rate': 0.0002355652139327713, 'weight_decay': 0.0001, 'batch_size': 64, 'epochs': 40, 'patience': 7}",0.030354,60.0,cuda
RNN,20D,3,1990-03-27,2017-08-04,2017-08-07,2018-09-04,0.0225166879897798,0.0268306121395831,-0.1383153170299389,0.6617647058823529,,,,,,,,,,,,,"{'lookback': 10, 'hidden_size': 128, 'num_layers': 1, 'dropout': 0.42071945169752456, 'learning_rate': 0.0008241548024289433, 'weight_decay': 0.0001, 'batch_size': 64, 'epochs': 40, 'patience': 7}",0.028423,10.0,cuda
RNN,20D,4,1990-03-27,2018-09-04,2018-09-05,2019-10-03,0.0357536381648762,0.0439772631217595,-0.0552877123777859,0.5330882352941176,,,,,,,,,,,,,"{'lookback': 10, 'hidden_size': 128, 'num_layers': 1, 'dropout': 0.42071945169752456, 'learning_rate': 0.0008241548024289433, 'weight_decay': 0.0001, 'batch_size': 64, 'epochs': 40, 'patience': 7}",0.028256,10.0,cuda
RNN,20D,5,1990-03-27,2019-10-03,2019-10-04,2020-10-30,0.0543871372117699,0.0872811210856989,-0.0159059519355142,0.6801470588235294,,,,,,,,,,,,,"{'lookback': 40, 'hidden_size': 128, 'num_layers': 1, 'dropout': 0.2938332182331258, 'learning_rate': 0.0002157476707407478, 'weight_decay': 0.0001, 'batch_size': 32, 'epochs': 40, 'patience': 7}",0.032803,40.0,cuda
RNN,60D,1,1990-03-27,2015-06-09,2015-06-10,2016-07-07,0.067763874672487,0.083878619850838,-1.0670411818590648,0.5220588235294118,,,,,,,,,,,,,"{'lookback': 20, 'hidden_size': 128, 'num_layers': 3, 'dropout': 0.4174868122698124, 'learning_rate': 0.0009783629496188811, 'weight_decay': 0.0001, 'batch_size': 16, 'epochs': 40, 'patience': 7}",0.04359,20.0,cuda
RNN,60D,2,1990-03-27,2016-07-07,2016-07-08,2017-08-04,0.0293364285719702,0.0349846630676523,-0.9775648427862884,0.7794117647058824,,,,,,,,,,,,,"{'lookback': 10, 'hidden_size': 128, 'num_layers': 3, 'dropout': 0.4147672875620052, 'learning_rate': 8.198075824989501e-05, 'weight_decay': 0.0001, 'batch_size': 64, 'epochs': 40, 'patience': 7}",0.046082,10.0,cuda
RNN,60D,3,1990-03-27,2017-08-04,2017-08-07,2018-09-04,0.0450979733708817,0.05091868980572,-0.2737970345189759,0.5698529411764706,,,,,,,,,,,,,"{'lookback': 10, 'hidden_size': 128, 'num_layers': 3, 'dropout': 0.12464427719457705, 'learning_rate': 0.00015332507739338827, 'weight_decay': 0.0001, 'batch_size': 64, 'epochs': 40, 'patience': 7}",0.039807,10.0,cuda
RNN,60D,4,1990-03-27,2018-09-04,2018-09-05,2019-10-03,0.0470352972015522,0.0649540016400302,-0.0452064430075083,0.7352941176470589,,,,,,,,,,,,,"{'lookback': 20, 'hidden_size': 64, 'num_layers': 3, 'dropout': 0.4488744981172388, 'learning_rate': 0.00021525930849825107, 'weight_decay': 0.0001, 'batch_size': 16, 'epochs': 40, 'patience': 7}",0.042005,20.0,cuda
RNN,60D,5,1990-03-27,2019-10-03,2019-10-04,2020-10-30,0.1091761320188968,0.1362837504692878,-0.1878409212610039,0.5625,,,,,,,,,,,,,"{'lookback': 40, 'hidden_size': 128, 'num_layers': 3, 'dropout': 0.35989948064667854, 'learning_rate': 0.0007512089108238619, 'weight_decay': 0.0001, 'batch_size': 16, 'epochs': 40, 'patience': 7}",0.049414,40.0,cuda
RNN,120D,1,1990-03-27,2015-06-09,2015-06-10,2016-07-07,0.0486934602433965,0.0636435363499037,-0.0691288383980119,0.7058823529411765,,,,,,,,,,,,,"{'lookback': 20, 'hidden_size': 128, 'num_layers': 3, 'dropout': 0.23983229825587735, 'learning_rate': 0.0008174562292828165, 'weight_decay': 0.0001, 'batch_size': 32, 'epochs': 40, 'patience': 7}",0.065996,20.0,cuda
RNN,120D,2,1990-03-27,2016-07-07,2016-07-08,2017-08-04,0.0601888617293256,0.0673624280918976,-6.889595125063229,0.7977941176470589,,,,,,,,,,,,,"{'lookback': 60, 'hidden_size': 32, 'num_layers': 1, 'dropout': 0.4752432205623363, 'learning_rate': 6.592958028299296e-05, 'weight_decay': 0.0001, 'batch_size': 64, 'epochs': 40, 'patience': 7}",0.066855,60.0,cuda
RNN,120D,3,1990-03-27,2017-08-04,2017-08-07,2018-09-04,0.0487306480725674,0.05918508700102,-0.0289961121857449,0.6433823529411765,,,,,,,,,,,,,"{'lookback': 40, 'hidden_size': 64, 'num_layers': 3, 'dropout': 0.16427573477671342, 'learning_rate': 0.0001682051968969925, 'weight_decay': 0.0001, 'batch_size': 16, 'epochs': 40, 'patience': 7}",0.053332,40.0,cuda
RNN,120D,4,1990-03-27,2018-09-04,2018-09-05,2019-10-03,0.0596678454868217,0.0782451045532173,-0.1091842214615002,0.8382352941176471,,,,,,,,,,,,,"{'lookback': 40, 'hidden_size': 64, 'num_layers': 3, 'dropout': 0.21355615281666593, 'learning_rate': 0.0002883724954669892, 'weight_decay': 0.0001, 'batch_size': 16, 'epochs': 40, 'patience': 7}",0.054947,40.0,cuda
RNN,120D,5,1990-03-27,2019-10-03,2019-10-04,2020-10-30,0.1072641575350903,0.12001095083115,-0.0139561348121484,0.6654411764705882,,,,,,,,,,,,,"{'lookback': 40, 'hidden_size': 64, 'num_layers': 2, 'dropout': 0.13401678338495246, 'learning_rate': 0.0005481503772148061, 'weight_decay': 0.0001, 'batch_size': 16, 'epochs': 40, 'patience': 7}",0.060845,40.0,cuda
LSTM,1D,1,1990-03-27,2015-06-09,2015-06-10,2016-07-07,0.007757005860009558,0.01059942821829409,0.0037365965440354643,0.5147058823529411,,,,,,,,,,,,,"{'lookback': 40, 'hidden_size': 128, 'num_layers': 3, 'dropout': 0.4871079271090035, 'learning_rate': 9.140136883051477e-05, 'weight_decay': 0.0001, 'batch_size': 64, 'epochs': 40, 'patience': 7}",0.008767,40.0,cuda
LSTM,1D,2,1990-03-27,2016-07-07,2016-07-08,2017-08-04,0.0035738262155646542,0.005016303379358984,-0.03431767417065679,0.5110294117647058,,,,,,,,,,,,,"{'lookback': 40, 'hidden_size': 128, 'num_layers': 2, 'dropout': 0.4758452397629151, 'learning_rate': 1.0519095028133849e-05, 'weight_decay': 0.0001, 'batch_size': 16, 'epochs': 40, 'patience': 7}",0.008403,40.0,cuda
LSTM,1D,3,1990-03-27,2017-08-04,2017-08-07,2018-09-04,0.005205473294429147,0.007816042326376386,-0.020377364630165484,0.4852941176470588,,,,,,,,,,,,,"{'lookback': 10, 'hidden_size': 128, 'num_layers': 3, 'dropout': 0.28352723331727736, 'learning_rate': 5.6962967627719115e-05, 'weight_decay': 0.0001, 'batch_size': 64, 'epochs': 40, 'patience': 7}",0.007684,10.0,cuda
LSTM,1D,4,1990-03-27,2018-09-04,2018-09-05,2019-10-03,0.007249781906063724,0.010391834461876397,-0.02441911994410928,0.5330882352941176,,,,,,,,,,,,,"{'lookback': 10, 'hidden_size': 128, 'num_layers': 3, 'dropout': 0.4698500673596681, 'learning_rate': 7.075788555862365e-05, 'weight_decay': 0.0001, 'batch_size': 64, 'epochs': 40, 'patience': 7}",0.007955,10.0,cuda
LSTM,1D,5,1990-03-27,2019-10-03,2019-10-04,2020-10-30,0.012136779847242547,0.020673093848982565,0.022789387055859422,0.5808823529411765,,,,,,,,,,,,,"{'lookback': 20, 'hidden_size': 64, 'num_layers': 3, 'dropout': 0.3538584597651602, 'learning_rate': 0.0007662150068129557, 'weight_decay': 0.0001, 'batch_size': 16, 'epochs': 40, 'patience': 7}",0.00868,20.0,cuda
LSTM,5D,1,1990-03-27,2015-06-09,2015-06-10,2016-07-07,0.01888853353173842,0.024084880127944245,-0.11880821171667244,0.45588235294117646,,,,,,,,,,,,,"{'lookback': 10, 'hidden_size': 64, 'num_layers': 3, 'dropout': 0.36807802060823086, 'learning_rate': 0.0009294288950737106, 'weight_decay': 0.0001, 'batch_size': 64, 'epochs': 40, 'patience': 7}",0.018347,10.0,cuda
LSTM,5D,2,1990-03-27,2016-07-07,2016-07-08,2017-08-04,0.00737349051980534,0.009813186648899373,-0.0002670319059208115,0.5772058823529411,,,,,,,,,,,,,"{'lookback': 40, 'hidden_size': 64, 'num_layers': 3, 'dropout': 0.29568020673805173, 'learning_rate': 3.0726061518413326e-05, 'weight_decay': 0.0001, 'batch_size': 16, 'epochs': 40, 'patience': 7}",0.017802,40.0,cuda
LSTM,5D,3,1990-03-27,2017-08-04,2017-08-07,2018-09-04,0.01170039910343872,0.0169448347726507,-0.08656246117654054,0.5735294117647058,,,,,,,,,,,,,"{'lookback': 40, 'hidden_size': 32, 'num_layers': 3, 'dropout': 0.3795002530555954, 'learning_rate': 0.0005277013072199608, 'weight_decay': 0.0001, 'batch_size': 64, 'epochs': 40, 'patience': 7}",0.016537,40.0,cuda
LSTM,5D,4,1990-03-27,2018-09-04,2018-09-05,2019-10-03,0.017244867868181853,0.023556042587523432,-0.10990739417795314,0.5625,,,,,,,,,,,,,"{'lookback': 10, 'hidden_size': 64, 'num_layers': 1, 'dropout': 0.30690957694556953, 'learning_rate': 0.0008822945623935996, 'weight_decay': 0.0001, 'batch_size': 32, 'epochs': 40, 'patience': 7}",0.016959,10.0,cuda
LSTM,5D,5,1990-03-27,2019-10-03,2019-10-04,2020-10-30,0.027685829306253577,0.04355875564579782,-0.20497301643468213,0.5698529411764706,,,,,,,,,,,,,"{'lookback': 40, 'hidden_size': 64, 'num_layers': 1, 'dropout': 0.43573029509385885, 'learning_rate': 0.00040489662225846743, 'weight_decay': 0.0001, 'batch_size': 32, 'epochs': 40, 'patience': 7}",0.018414,40.0,cuda
LSTM,20D,1,1990-03-27,2015-06-09,2015-06-10,2016-07-07,0.03269794147215558,0.04354350184190655,-0.15428945746352785,0.5220588235294118,,,,,,,,,,,,,"{'lookback': 20, 'hidden_size': 32, 'num_layers': 2, 'dropout': 0.4133915818990308, 'learning_rate': 0.0004801111900267698, 'weight_decay': 0.0001, 'batch_size': 16, 'epochs': 40, 'patience': 7}",0.028671,20.0,cuda
LSTM,20D,2,1990-03-27,2016-07-07,2016-07-08,2017-08-04,0.015407431162677166,0.01880791022093543,-0.2036330052806654,0.5919117647058824,,,,,,,,,,,,,"{'lookback': 40, 'hidden_size': 64, 'num_layers': 2, 'dropout': 0.29973466334821597, 'learning_rate': 1.9383316421472033e-05, 'weight_decay': 0.0001, 'batch_size': 32, 'epochs': 40, 'patience': 7}",0.032327,40.0,cuda
LSTM,20D,3,1990-03-27,2017-08-04,2017-08-07,2018-09-04,0.021090801130118204,0.02752477744694001,-0.1979785709245625,0.7058823529411765,,,,,,,,,,,,,"{'lookback': 40, 'hidden_size': 64, 'num_layers': 3, 'dropout': 0.382717429419138, 'learning_rate': 6.290231167421872e-05, 'weight_decay': 0.0001, 'batch_size': 16, 'epochs': 40, 'patience': 7}",0.028287,40.0,cuda
LSTM,20D,4,1990-03-27,2018-09-04,2018-09-05,2019-10-03,0.03799785783100129,0.046146593797691766,-0.16196697674363314,0.4411764705882353,,,,,,,,,,,,,"{'lookback': 60, 'hidden_size': 128, 'num_layers': 1, 'dropout': 0.38528070581911694, 'learning_rate': 0.0008393366216812317, 'weight_decay': 0.0001, 'batch_size': 32, 'epochs': 40, 'patience': 7}",0.02842,60.0,cuda
LSTM,20D,5,1990-03-27,2019-10-03,2019-10-04,2020-10-30,0.05679870416840647,0.0876851501294905,-0.025333088425874006,0.6691176470588235,,,,,,,,,,,,,"{'lookback': 40, 'hidden_size': 64, 'num_layers': 3, 'dropout': 0.3861223846483287, 'learning_rate': 2.497073714505272e-05, 'weight_decay': 0.0001, 'batch_size': 32, 'epochs': 40, 'patience': 7}",0.032998,40.0,cuda
LSTM,60D,1,1990-03-27,2015-06-09,2015-06-10,2016-07-07,0.047418671867132695,0.05785808827125781,0.016499156281988947,0.625,,,,,,,,,,,,,"{'lookback': 40, 'hidden_size': 32, 'num_layers': 3, 'dropout': 0.424088876607049, 'learning_rate': 1.2759988367099719e-05, 'weight_decay': 0.0001, 'batch_size': 64, 'epochs': 40, 'patience': 7}",0.03951,40.0,cuda
LSTM,60D,2,1990-03-27,2016-07-07,2016-07-08,2017-08-04,0.026109999450213906,0.032125875808454524,-0.6675746849200381,0.8823529411764706,,,,,,,,,,,,,"{'lookback': 40, 'hidden_size': 64, 'num_layers': 2, 'dropout': 0.35145911280645464, 'learning_rate': 1.1875435143461654e-05, 'weight_decay': 0.0001, 'batch_size': 32, 'epochs': 40, 'patience': 7}",0.043702,40.0,cuda
LSTM,60D,3,1990-03-27,2017-08-04,2017-08-07,2018-09-04,0.05458344100906012,0.08130243802568998,-2.2475282005865402,0.5661764705882353,,,,,,,,,,,,,"{'lookback': 60, 'hidden_size': 32, 'num_layers': 2, 'dropout': 0.29106529514608015, 'learning_rate': 0.0008682861420139692, 'weight_decay': 0.0001, 'batch_size': 16, 'epochs': 40, 'patience': 7}",0.039116,60.0,cuda
LSTM,60D,4,1990-03-27,2018-09-04,2018-09-05,2019-10-03,0.04737930255485606,0.06688459267204774,-0.10826196171648395,0.7242647058823529,,,,,,,,,,,,,"{'lookback': 60, 'hidden_size': 64, 'num_layers': 3, 'dropout': 0.32689324415266224, 'learning_rate': 1.0790897256897719e-05, 'weight_decay': 0.0001, 'batch_size': 16, 'epochs': 40, 'patience': 7}",0.044017,60.0,cuda
LSTM,60D,5,1990-03-27,2019-10-03,2019-10-04,2020-10-30,0.10835756010632804,0.13510205717337878,-0.16733109255931344,0.5698529411764706,,,,,,,,,,,,,"{'lookback': 10, 'hidden_size': 64, 'num_layers': 3, 'dropout': 0.4202685958641559, 'learning_rate': 5.341629700497827e-05, 'weight_decay': 0.0001, 'batch_size': 32, 'epochs': 40, 'patience': 7}",0.052797,10.0,cuda
LSTM,120D,1,1990-03-27,2015-06-09,2015-06-10,2016-07-07,0.05307681697706253,0.07086722122300368,-0.3255992380374295,0.48161764705882354,,,,,,,,,,,,,"{'lookback': 40, 'hidden_size': 64, 'num_layers': 1, 'dropout': 0.47709450982135687, 'learning_rate': 1.4950138221629511e-05, 'weight_decay': 0.0001, 'batch_size': 64, 'epochs': 40, 'patience': 7}",0.063379,40.0,cuda
LSTM,120D,2,1990-03-27,2016-07-07,2016-07-08,2017-08-04,0.05228482084896793,0.057787756422241036,-4.806185648091095,1.0,,,,,,,,,,,,,"{'lookback': 40, 'hidden_size': 64, 'num_layers': 3, 'dropout': 0.3861223846483287, 'learning_rate': 2.497073714505272e-05, 'weight_decay': 0.0001, 'batch_size': 32, 'epochs': 40, 'patience': 7}",0.055935,40.0,cuda
LSTM,120D,3,1990-03-27,2017-08-04,2017-08-07,2018-09-04,0.05065944490654665,0.06356499353245208,-0.18693016550776864,0.6139705882352942,,,,,,,,,,,,,"{'lookback': 40, 'hidden_size': 64, 'num_layers': 3, 'dropout': 0.3861223846483287, 'learning_rate': 2.497073714505272e-05, 'weight_decay': 0.0001, 'batch_size': 32, 'epochs': 40, 'patience': 7}",0.054687,40.0,cuda
LSTM,120D,4,1990-03-27,2018-09-04,2018-09-05,2019-10-03,0.09266362615524423,0.12810940758009148,-1.9733865891803006,0.5294117647058824,,,,,,,,,,,,,"{'lookback': 10, 'hidden_size': 64, 'num_layers': 3, 'dropout': 0.3845829132403517, 'learning_rate': 0.00024589070489588414, 'weight_decay': 0.0001, 'batch_size': 16, 'epochs': 40, 'patience': 7}",0.054889,10.0,cuda
LSTM,120D,5,1990-03-27,2019-10-03,2019-10-04,2020-10-30,0.10894236820798535,0.1208040260488081,-0.027401583087744985,0.6654411764705882,,,,,,,,,,,,,"{'lookback': 20, 'hidden_size': 64, 'num_layers': 3, 'dropout': 0.28907030686899354, 'learning_rate': 0.0009661541615969333, 'weight_decay': 0.0001, 'batch_size': 16, 'epochs': 40, 'patience': 7}",0.061311,20.0,cuda
